,id,price,added_reduced,address,description,type_house,bathrooms,bedrooms,size,tenure,key_features,close_stations,close_stations_type,tenure_ground_rent,tenure_annual_service_charge,tenure_lease_length,council_tax_band,sold_under_offer
0,138996038,"£499,995",Added on 24/08/2023,"Plum Lane, London, SE18","Located in a popular road on the SHOOTERS HILL SLOPES with SHREWSBURY PARK literally a minutes walk away. THREE BEDROOMS, UPSTAIRS BATHROOM and SEPERATE W.C., THROUGH LOUNGE, DINING ROOM and KITCHEN. Outside there is a 40' East Facing GARDEN. OFFERED with NO CHAIN.",Terraced,,3,,Freehold,"['POPULAR LOCATION', 'THREE BEDROOMS', 'THROUGH LOUNGE (could be 2 rooms, if required)', 'KITCHEN', 'DINING ROOM', 'UPSTAIRS BATHROOM and SEPERATE W.C', ""40' EAST FACING GARDEN AT THE REAR."", 'DOUBLE GLAZED WINDOWS', 'GAS CENTRAL HEATING', 'GREAT LOCATION with good primary Schools on your doorstep']","[['Plumstead ', '0.8 miles'], ['Woolwich Arsenal ', '0.9 miles'], ['Woolwich ', '1.0 miles']]","['nationalrail', 'nationalrail', 'nationalrail']",Ask agent,Ask agent,Ask agent,Ask agent,False
1,141042461,"£525,000",Added today,"Barrington Road, Bexleyheath, DA7","RE/MAX SELECT are delighted to offer for sale this extended semi-detached house on a popular residential road, close to schools, amenities, and transport links including Bexleyheath Station. The property comprises 3/4 bedrooms, through-lounge, fitted kitchen,  and upstairs famil...",Semi-Detached,1,3,,Freehold,[],"[['Bexleyheath ', '0.3 miles'], ['Welling ', '1.1 miles'], ['Barnehurst ', '1.4 miles']]","['nationalrail', 'nationalrail', 'nationalrail']",Ask agent,Ask agent,Ask agent,Band: E,False
2,141041033,"£290,000",Added today,"Basing Drive, Bexley","Village Estates are delighted to offer to the market this TWO BEDROOM FIRST FLOOR MAISONETTE. The accommodation on offer comprises: Reception Room, Kitchen, Main Bedroom, Second Bedroom and Bathroom. Additional benefits are Share of Freehold (979 year lease), Garage En Bloc and Private Garden to ...",Maisonette,1,2,,Share of Freehold,"['SHARE OF FREEHOLD', 'LONG LEASE OF 979 YEARS REMAINING', 'GARAGE EN-BLOC', 'FIRST FLOOR MAISONETTE', 'PRIVATE GARDEN TO REAR', ""'MOVE IN' CONDITION"", 'BEXLEY LOCATION', 'EARLIEST VIEWING ADVISED ']","[['Bexley ', '0.7 miles'], ['Albany Park ', '0.9 miles'], ['Bexleyheath ', '1.1 miles']]","['nationalrail', 'nationalrail', 'nationalrail']",Ask agent,Ask agent,Ask agent,Band: C,False
3,128703626,"£215,000",Reduced today,"Foxglove Path, London, SE28 0LR","A DELIGHTFUL 1 DOUBLE BEDROOM 1ST FLOOR APARTMENT SITUATED IN A SMALL BLOCK IN WEST THAMESMEAD, ALLOCATED PARKING SPACE TO THE REAR, LOVELY VIEWS OVER PARKLAND & CANAL, SUPERB FIRST TIME BUY OR INVESTMENT PURCHASE",Apartment,1,1,452 sq. ft.(42 sq. m.),Leasehold,[],"[['Plumstead ', '0.9 miles'], ['Gallions Reach ', '1.0 miles'], ['Woolwich ', '1.1 miles']]","['nationalrail', 'dlr', 'nationalrail']",£100 per year (Ask agent about the review period)When and how often your ground rent will be reviewed.Read more about ground rent review period in our glossary page.,£1418,105 years left,Band: C,False
4,138771992,"£625,000",Reduced today,"Spencer Gardens, Eltham SE9","First time to the market in six decades, this substantial four bedroom semi-detached, halls adjoining Edwardian, Page house offers the opportunity to fully update to own taste. Situated very conveniently with Eltham station immediately to hand and the High Street just a little further, the proper...",Semi-Detached,1,4,"1,584 sq. ft.(147 sq. m.)",Freehold,"['Halls-adjoining Edwardian semi', 'Central Eltham', '4 Sizeable bedrooms', 'No chain', 'Station immediately to hand', 'Refurbishment required', 'Bathroom with shower unit', 'High St under half a mile', ""113' Sunny West facing garden""]","[['Eltham ', '0.1 miles'], ['Mottingham ', '1.0 miles'], ['Kidbrooke ', '1.2 miles']]","['nationalrail', 'nationalrail', 'nationalrail']",Ask agent,Ask agent,Ask agent,Ask agent,False
5,141040667,"£475,000",Added today,"Long Lane, Bexleyheath","Hunters estate agents are delighted to offer to the market, this WELL PRESENTED Victorian semi detached home which is perfectly located for the local schools, shops, transport and open spaces. The property is offered to market with a complete above chain as the sellers are in the process...",Semi-Detached,1,3,"1,034 sq. ft.(96 sq. m.)",Freehold,"['Complete chain above', 'Great central location', 'Close to a range of schools & transport', 'Room to extend (STPP)', 'Three bedrooms', 'Modern bathroom & kitchen', 'Two reception rooms & conservatory', 'Call Hunters to view', 'Floor Area: 1034 sq ft', 'EPC Rating: D']","[['Barnehurst ', '0.4 miles'], ['Bexleyheath ', '0.8 miles'], ['Crayford ', '1.6 miles']]","['nationalrail', 'nationalrail', 'nationalrail']",Ask agent,Ask agent,Ask agent,Band: D,False
6,141039788,"£600,000",Added today,"5 Arundel Close, Bexley"," This 1930's detached home in Arundel Close is a true gem. A spacious frontage and garden-side access to the garage, as well as a mature rear garden with a decked area, make this property truly appealing. Inside, the charm is evident in the mahogany paneling, parquet flooring, a...",Detached,2,3,,Freehold,"['Wonderful family  Detached Home', 'Front & Rear Gardens', 'Huge Extension Potential', 'Off Road Parking For Several Cars', 'Cul De - Sac Location', 'Air Conditioning In Living Room & Master Bedroom', 'Call Now To Arrange A Personal Viewing']","[['Bexley ', '0.7 miles'], ['Bexleyheath ', '1.0 miles'], ['Albany Park ', '1.1 miles']]","['nationalrail', 'nationalrail', 'nationalrail']",Ask agent,Ask agent,Ask agent,Band: E,False
7,141039038,"£375,000",Added today,Bertrand Way London SE28,"Offered to the market chain free is this three bedroom family home with allocated parking. Conveniently located for local shops, schools, bus routes and access into Abbey Wood mainline station & Elizabeth Line. EPC Rating C",End of Terrace,1,3,,Freehold,"['15ft Living Room', 'Dining Room', 'Fitted Kitchen', 'First Floor Bathroom', 'Allocated Parking', 'Convenient Location', 'Chain Free']","[['Barking Riverside ', '0.8 miles'], ['Abbey Wood ', '1.3 miles'], ['Dagenham Dock ', '1.8 miles']]","['overground', 'nationalrail', 'nationalrail']",Ask agent,Ask agent,Ask agent,Ask agent,False
8,140182316,"£725,000",Reduced today,"Arcadian Close, Bexley, DA5","Rarely available three bedroom detached bungalow offered with no onward chain situated in a cul de sac position ideally located for Bexley Village, local transport and shopping facilities. WellThis well maintained property is presented in generally good decorative condition and features...",Detached Bungalow,1,3,,Freehold,[],"[['Albany Park ', '0.8 miles'], ['Bexley ', '0.8 miles'], ['Bexleyheath ', '1.1 miles']]","['nationalrail', 'nationalrail', 'nationalrail']",Ask agent,Ask agent,Ask agent,Band: F,False
9,141032390,"£650,000",Added yesterday,"Roseacre Road, Welling, DA16","Guide Price £650,000-£700,000Beautifully decorated and designed throughout, this modern home with traditional design has to be one of the best properties available! Four bedroom extended semi detached house. Single story extension across the back of the house cre...",Semi-Detached,2,4,,Freehold,"['Four Bedroom Extended Semi Detached House', 'Four Piece Bathroom Suite', 'Modern Kitchen Diner With Bifold Doors', 'Spacious Lounge', 'Ground Floor Utility & Shower Room', 'Underfloor Heating', 'Maintenance Free Garden', 'Intergal Garage and Driveway to Front', 'School Catchment Area', 'Walking Distance to Welling High Street & Station']","[['Welling ', '0.6 miles'], ['Bexleyheath ', '0.9 miles'], ['Falconwood ', '1.5 miles']]","['nationalrail', 'nationalrail', 'nationalrail']",Ask agent,Ask agent,Ask agent,Band: E,False
10,141028676,"£400,000",Added yesterday,"Lovelace Green, Eltham, SE9","*** Guide Price £400,000 to £425,000 *** A fine example of a charming English cottage built circa 1915, overlooking a beautiful communal green set in one of the most desirable roads within the sought-after Progress Conservation Area.",House,1,2,,Freehold,[],"[['Eltham ', '0.5 miles'], ['Kidbrooke ', '1.1 miles'], ['Falconwood ', '1.2 miles']]","['nationalrail', 'nationalrail', 'nationalrail']",Ask agent,Ask agent,Ask agent,Band: TBC,False
11,137134649,"£230,000",Added yesterday,"Sunland Avenue, South Bexleyheath, Kent, DA6","*** GUIDE PRICE £230,000 TO £240,000 *** Beautifully presented & Chain Free 380 Sq Ft second floor apartment. Benefiting from being a share of freehold with over a 968 year lease remaining. The home also comes with an allocated parking bay & a communal garden area. Intern...",Apartment,1,1,,Share of Freehold,"['GUIDE PRICE £230,000 TO £240,000', 'Second Floor One Bedroom Apartment', 'Chain Free', '380 Sq Ft', 'Share of Freehold with 968 Year Lease Remaining', 'Spacious Lounge Dining Room', 'Stylish Fitted Kitchen & Contemporary Bathroom', 'Allocated Parking Bay & Communal Garden Area', '0.6M to Bexleyheath Train Station', 'Very Close to Bexleyheath Broadway']","[['Bexleyheath ', '0.6 miles'], ['Bexley ', '1.2 miles'], ['Barnehurst ', '1.3 miles']]","['nationalrail', 'nationalrail', 'nationalrail']",£0 per year,£0,Ask agent,Band: TBC,False
12,139620386,"£315,000",Reduced yesterday,"Seaton Road, Welling, DA16","This property is for sale by the Modern Method of Auction. Should you view, offer or bid on the property, your information will be shared with the Auctioneer, iamsold Limited. This method of auction requires both parties to complete the transaction within 56 days of the draft contract...",Semi-Detached,1,3,,Freehold,[],"[['Welling ', '0.9 miles'], ['Bexleyheath ', '1.0 miles'], ['Abbey Wood ', '1.2 miles']]","['nationalrail', 'nationalrail', 'nationalrail']",Ask agent,Ask agent,Ask agent,Band: D,False
13,85878042,"£437,500",Reduced yesterday,"Hampton Apartments, Royal Arsenal Riverside, SE18",CHAIN FREE & ELIZABETH LINE CLOSEBY Parris Residential are delighted to offer this fabulous Berkeley Homes built first floor one bedroom luxury apartment with a private balcony and views towards the River Thames located in the Royal Arsenal Riverside Development at Woolwich Arsenal. The property ...,Flat,1,1,,Leasehold,"['First Floor apartment', 'One bedroom', 'Private balcony with river views', 'Exclusive use of Waterside Leisure Club', 'Lift & stairs', 'Woolwich Arsenal Closeby', 'Thames Clipper & Woolwich Ferry nearby', 'Chain Free Sale', 'Council tax band C', 'EPC Band B']","[['Woolwich ', '0.3 miles'], ['Woolwich Arsenal ', '0.4 miles'], ['King George V ', '0.9 miles']]","['nationalrail', 'nationalrail', 'dlr']",£375 per year (Ask agent about the review period)When and how often your ground rent will be reviewed.Read more about ground rent review period in our glossary page.,£2387,994 years left,Band: C,False
14,86432535,"£475,000",Reduced yesterday,"Timothy Close, Bexleyheath, Kent, DA6","Fantastic end of terrace property in excellent condition. Three double bedrooms, dining room, conservatory, downstairs w.c and large garden. Drive and garage.",End of Terrace,1,3,,Freehold,"['Garage', 'Double bedrooms', 'Drive', 'Conservatory ', 'Large garden']","[['Bexleyheath ', '0.7 miles'], ['Bexley ', '1.2 miles'], ['Albany Park ', '1.2 miles']]","['nationalrail', 'nationalrail', 'nationalrail']",Ask agent,Ask agent,Ask agent,Ask agent,False
15,139148120,"£625,000",Reduced yesterday,"Bladindon Drive, Bexley, Kent, DA5","This characterful 3 bedroom semi-detached house, found on a sought-after road in the Blendon area of Bexley, enjoys a much larger than average plot of approximately 0.23 acres (929 sq metres). With potential to largely extend (STPP), this property is a fantastic and unique opportunity for a buyer...",Semi-Detached,1,3,,Freehold,"['0.2 Acre Plot (approx.)', 'Great Potential to Extend - Side, Rear and Loft (STPP)', 'Double Garage', 'Off Road Parking', ""1930's Character Home"", 'No Chain', 'Sought-After Location', 'Gas Central Heating']","[['Albany Park ', '0.6 miles'], ['Bexley ', '0.9 miles'], ['Sidcup ', '1.3 miles']]","['nationalrail', 'nationalrail', 'nationalrail']",Ask agent,Ask agent,Ask agent,Band: TBC,False
16,141019793,"£300,000",Added yesterday,"Grove Place, London, SE9","** GUIDE PRICE £300,000 - £325,000 ** An extremely well presented first floor apartment, located on The Grove development has become available for your earliest viewing. The property is ideally placed for Eltham High Street and Station. ",Flat,1,1,,Leasehold,"['One Bedroom', 'First Floor', 'Private Balcony', 'Open Plan Lounge/Kitchen', 'Chain Free', 'Well Presented']","[['Eltham ', '0.4 miles'], ['Mottingham ', '0.7 miles'], ['New Eltham ', '1.3 miles']]","['nationalrail', 'nationalrail', 'nationalrail']",£0 per year,£0,Ask agent,Band: TBC,False
17,141018737,"£285,000",Added yesterday,"Victoria Way, Charlton, SE7",A bright and spacious ground floor apartment located on Victoria Way. ,Apartment,1,2,,Leasehold,[],"[['Charlton ', '0.5 miles'], ['Westcombe Park ', '0.6 miles'], ['Maze Hill ', '1.2 miles']]","['nationalrail', 'nationalrail', 'nationalrail']",£10 per year,£1724.4,109 years left,Band: TBC,False
18,86266644,"£410,000",Reduced yesterday,"Barry Avenue, Bexleyheath, DA7","Barry Avenue in Bexleyheath is the location for this two bedroom, semi detached bungalow that comes with lots of potential. With spacious rooms and potential to extend both up and out, this is a fantastic opportunity to buy in a premium location in Bexleyheath.",Bungalow,1,2,,Freehold,"['2 Bedrooms', 'Lounge/Dining Room', 'Kitchen', 'Conservatory', 'Bathroom']","[['Bexleyheath ', '0.8 miles'], ['Abbey Wood ', '1.1 miles'], ['Barnehurst ', '1.4 miles']]","['nationalrail', 'nationalrail', 'nationalrail']",Ask agent,Ask agent,Ask agent,Band: D,False
19,141014603,"£350,000",Added yesterday,"Bristow Road, Bexleyheath, DA7",**NEW LEASE TO BE GRANTED ON COMPLETION** A top floor maisonette for sale with a PRIVATE GARDEN and TWO DOUBLE BEDROOMS for sale. WELL PRESENTED throughout and ideally suited to BUY TO LET INVESTORS or FIRST TIME BUYERS alike.,Maisonette,1,2,,Leasehold,"['NEW LEASE GRANTED UPON COMPLETION', 'TWO DOUBLE BEDROOMS', 'FRONT AND REAR GARDENS', 'PRIVATE LOCK AWAY SHED', 'GREAT STORAGE FACILITIES', 'EASY COMMUTE TO BEXLEYHEATH RAIL STATION', 'IDEAL PURCHASE FOR BUY TO LET INVESTORS OR FIRST TIME BUUYERS']","[['Bexleyheath ', '0.4 miles'], ['Barnehurst ', '1.0 miles'], ['Welling ', '1.6 miles']]","['nationalrail', 'nationalrail', 'nationalrail']",Ask agent,Ask agent,Ask agent,Ask agent,False
20,136368428,"£180,000",Added yesterday,"Park Mead, Sidcup, DA15",Two bedroom ground floor maisonette in need of modernisation and decoration.The property is sold as seen and available to cash buyers only. Council Tax Band C.Lease: 43 yearsGround Rent: £0Service Charge: Take care of your own. ,Maisonette,1,2,,Leasehold,"['GROUND FLOOR MAISONETTE', 'Double  Glazed and Gas Central Heating', 'Private Rear Garden', 'Two Bedrooms', 'In Need of Modernisation']","[['Welling ', '1.0 miles'], ['Sidcup ', '1.2 miles'], ['Albany Park ', '1.2 miles']]","['nationalrail', 'nationalrail', 'nationalrail']",Ask agent,Ask agent,Ask agent,Band: C,False
21,138386936,"£350,000",Reduced yesterday,Rolfe Terrace London SE18,"A beautifully presented and spacious, one bedroom, top floor modern apartment within the new and popular Trinity Walk development.",Flat,1,1,,Leasehold,"['Top Floor Apartment ', 'Spacious ', 'Open Plan Reception ', 'South Facing Balcony ', 'Great Location ', 'Three Piece Bathroom']","[['Woolwich Arsenal ', '0.3 miles'], ['Woolwich ', '0.4 miles'], ['Woolwich Dockyard ', '0.6 miles']]","['nationalrail', 'nationalrail', 'nationalrail']",Ask agent,Ask agent,Ask agent,Band: D,False
22,137468075,"£390,000",Reduced yesterday,"Pelham Road, Bexleyheath, DA7","Pelham Road in Bexleyheath is the location for this three bedroom, terraced town house. This property is coming to the market as chain free, so should be a speedy transaction once you have got an offer agreed. The location is perfect for all the local amenities and transport links, so don't miss ...",Terraced,1,3,,Freehold,[],"[['Barnehurst ', '0.5 miles'], ['Bexleyheath ', '0.8 miles'], ['Bexley ', '1.4 miles']]","['nationalrail', 'nationalrail', 'nationalrail']",Ask agent,Ask agent,Ask agent,Band: D,False
23,141005915,"£425,000",Added yesterday,"Bridgen Road, Bexley, DA5","Bridgen Road in Bexley is the location for this 2/3 bedroom semi detached house. Set in the popular Bexley location, this property is the perfect first time home. It comes decorated to a high standard and good size rooms throughout. EPC : TBC Council Tax: D",Semi-Detached,1,2,,Freehold,"['2 Bedrooms', 'Lounge', 'Kitchen/Diner', 'Bathroom']","[['Albany Park ', '0.7 miles'], ['Bexley ', '0.8 miles'], ['Bexleyheath ', '1.2 miles']]","['nationalrail', 'nationalrail', 'nationalrail']",Ask agent,Ask agent,Ask agent,Band: D,False
24,141005048,"£425,000",Added yesterday,Morris Drive Belvedere DA17,"Acorn are delighted to offer to the market this truly stunning three bedroom, two bathroom semi detached modern family home with an allocated parking space.
Energy Efficiency Rating B",Semi-Detached,2,3,,Freehold,"['12ft Modern Fitted Kitchen', '22ft Lounge/Dining Room', 'Ground Floor WC', 'En-Suite Shower Room', 'Modern Family Bathroom', '31 ft Rear Garden', 'Allocated Parking ', 'Energy Efficiency Rating B']","[['Erith ', '0.6 miles'], ['Belvedere ', '0.7 miles'], ['Barnehurst ', '1.5 miles']]","['nationalrail', 'nationalrail', 'nationalrail']",Ask agent,Ask agent,Ask agent,Band: D,False
25,140691446,"£585,000",Added on 02/10/2023,"Faygate Crescent, Bexleyheath","This exceptional 4-bedroom semi-detached home in Bexleyheath's sought-after South side offers a world of possibilities. Nestled between the bustling Broadway shopping center and charming Bexley village, this peaceful crescent, across from the Warren, is the perfect location",Semi-Detached,2,4,"1,183 sq. ft.(110 sq. m.)",Freehold,"['Garage', 'Near Bexleyheath Broadway & Bexley Village', 'Driveway', 'Easy Access to Danson Park & Hall Place', 'Close To Transport Links', 'Stunning Garden', 'Not Overlooked', 'Less Than 10 Minute Walk To Bexleyheath Shopping Centre']","[['Bexley ', '0.8 miles'], ['Bexleyheath ', '1.0 miles'], ['Barnehurst ', '1.0 miles']]","['nationalrail', 'nationalrail', 'nationalrail']",Ask agent,Ask agent,Ask agent,Ask agent,False
26,86661765,"£435,000",Added yesterday,"Albion Road, Bexleyheath, DA6","Located in the south side of Bexleyheath, is this spacious three double bedroom Victorian family home perfectly positioned for Bexleyheath shopping centre and access to Grammar Schools. ",Terraced,1,3,,Freehold,"['Three Double Bedrooms', 'Two Reception Rooms', 'No Chain', 'Functional Log Burner', 'Modern Shower Room', 'Rear Garage and Parking', 'South Facing Garden']","[['Bexleyheath ', '0.8 miles'], ['Barnehurst ', '0.9 miles'], ['Bexley ', '1.0 miles']]","['nationalrail', 'nationalrail', 'nationalrail']",Ask agent,Ask agent,Ask agent,Band: D,False
27,140954438,"£480,000",Added yesterday,"Hook Lane, Welling, Kent","This Semi Detached house will make a great family home. It has open style living with Utility room and small downstairs study making it versatile. This means the Lounge could actually act as an extra bedroom if needed. It is perfectly situated for most needs with shops, station and eateries all n...",Semi-Detached,1,3,,Freehold,"['Open style living', 'Downstairs study and cloakroom', 'Walking distance to local shops and train station', 'Close to nearby schools', 'Property is situated in a very sought after location', 'EPC energy rating E']","[['Welling ', '0.3 miles'], ['Falconwood ', '1.0 miles'], ['Bexleyheath ', '1.3 miles']]","['nationalrail', 'nationalrail', 'nationalrail']",Ask agent,Ask agent,Ask agent,Band: D,False
28,86659656,"£525,000",Added yesterday,Old Dover Road London SE3,"This stylish new build property in Blackheath, SE3, offers modern living at its finest.",Flat,1,2,,Freehold,"['New Build Property', 'Two Bedrooms', 'Sleek Speciifcation', 'Courtyard Garden', 'Total Area of 641 SQ FT', 'Off Street Parking & Gated ', 'Located In A Desirable & Well-Connected Neighbourhood', 'EPC B ']","[['Westcombe Park ', '0.7 miles'], ['Charlton ', '0.8 miles'], ['Kidbrooke ', '1.0 miles']]","['nationalrail', 'nationalrail', 'nationalrail']",Ask agent,Ask agent,Ask agent,Band: D,False
29,141003410,"£400,000",Added yesterday,"Paget Terrace, Woolwich, London, SE18","***GUIDE PRICE £400,000 - £425,000*** A generously sized two bedroom period house conveniently located for local schools, shops, bus routes and access into Woolwich and Plumstead. *24FT THROUGH LOUNGE/DINING ROOM* *15’10 KITCHEN/BREAKFAST ROOM* *FIRST FLOOR BATH...",Terraced,1,2,,Freehold,"['24ft Through Lounge/Dining Room', '15’10 Kitchen/Breakfast Room', 'First Floor Bathroom', 'Approx 70ft. Rear Garden', 'Double Glazing And Central Heating', 'Convenient Location']","[['Woolwich Arsenal ', '0.8 miles'], ['Woolwich ', '1.0 miles'], ['Woolwich Dockyard ', '1.0 miles']]","['nationalrail', 'nationalrail', 'nationalrail']",Ask agent,Ask agent,Ask agent,Band: C,False
30,141002306,"£700,000",Added yesterday,Jenton Avenue Bexleyheath DA7,"Acorn are pleased to welcome to the market this impressive detached Bungalow, on a highly sought after road in Bexleyheath.
The property requires refurbishment throughout but sits on a large and unique plot and is offered to the the market with no onward chain.
Energy Efficiency Rating - E",Bungalow,2,3,,Freehold,"['Chain Free', 'Detached Bungalow', 'Three Bedrooms', 'Large Plot', 'Off Street Parking & Garage', 'Close to Local Transport Links', 'Close to Local Amenities', 'Energy Efficiency Rating - E']","[['Bexleyheath ', '0.3 miles'], ['Barnehurst ', '1.2 miles'], ['Welling ', '1.3 miles']]","['nationalrail', 'nationalrail', 'nationalrail']",Ask agent,Ask agent,Ask agent,Band: F,False
31,141002036,"£400,000",Added yesterday,Harcourt Avenue Sidcup DA15,"Acorn are thrilled to welcome to the market this impressive two double bedroom property, finished to a high standard in DA15. Having been lovingly renovated by the current owners, the house offers an open plan layout perfect for entertaining!",Terraced,2,2,,Freehold,"['Two Well Proportioned Bedrooms', 'Off Street Parking', 'Large Garden with Decking and Summerhouse', 'Kitchen Diner', 'Modern Bathroom', 'Ample Transport Links', 'Recently Renovated', 'Energy Efficiency Rating - C']","[['Albany Park ', '0.8 miles'], ['Sidcup ', '1.0 miles'], ['Bexley ', '1.4 miles']]","['nationalrail', 'nationalrail', 'nationalrail']",Ask agent,Ask agent,Ask agent,Ask agent,False
32,141001637,"£525,000",Added yesterday,"Portman Close, Bexleyheath",CUL DE SAC LOCATION Parris Residential are delighted to offer this fantastic 2010 built three bedroom end terrace house located at the end of a small close of just six houses and within just a few minutes walk of Bexleyheath train station. Beautifully presented and with all mod cons the property ...,End of Terrace,1,3,,Freehold,[],"[['Bexleyheath ', '0.3 miles'], ['Welling ', '1.2 miles'], ['Barnehurst ', '1.3 miles']]","['nationalrail', 'nationalrail', 'nationalrail']",Ask agent,Ask agent,Ask agent,Band: D,False
33,141001199,"£400,000",Added yesterday,"Larch Grove, Sidcup, DA15","Guide Price From £400,000 to £425,000.Two double bedroom terrace house situated in the popular Hollies development which is ideally located for Sidcup train station.Positioned at the end of a cul de sac the property has been recently modernised and presented in excell...",Terraced,1,2,,Freehold,"['Two Double Bedrooms', 'The Hollies Development', 'Close  To Sidcup Train Station', 'Recently Modernised', 'Excellent   Decorative  Condition Throughout', 'Modern Fitted  Kitchen', 'Modern  Bathroom  Suite', 'Allocated Parking Space', 'Private Rear Garden', 'Through Lounge/ Diner']","[['Sidcup ', '0.3 miles'], ['New Eltham ', '1.2 miles'], ['Albany Park ', '1.2 miles']]","['nationalrail', 'nationalrail', 'nationalrail']",Ask agent,Ask agent,Ask agent,Band: E,False
34,140999375,"£435,000",Added yesterday,"Hither Farm Road, Blackheath, London, SE3",A much sought after two bedroom two bathroom modern house with a south west facing garden and off street parking set within this popular modern development very close to the station and sold chain free. ,Terraced,2,2,,Ask agent,"['modern house', 'two bedrooms', 'two bathrooms', 'lovely garden', 'off street parking', 'sought after development', 'close to Station', 'chain free']","[['Kidbrooke ', '0.3 miles'], ['Eltham ', '0.9 miles'], ['Blackheath ', '1.1 miles']]","['nationalrail', 'nationalrail', 'nationalrail']",Ask agent,Ask agent,Ask agent,Band: TBC,False
35,140640047,"£480,000",Reduced on 17/10/2023,"Ballast Road, Erith, Kent, DA8","COMING TO THE MARKET FOR THE FIRST TIME SINCE BUILT in 2020 is this IMPRESSIVE 3/4 BEDROOM HOME set over 3 floors with over 1200 SQUARE FEET OF SPACE being sold with NO CHAIN. Located on the QUARRY ECO DEVELOPMENT and WINNER OF ""BEST LARGE DEVELOPMENT AWARDS 2022"" within CONVENIENT DIS...",Terraced,2,3,,Freehold,"[""22'6 x 10'9 Lounge/Diner/Kitchen"", '4 Double bedrooms', 'Modern first floor bathroom and ground floor wc', ""35' Rear garden"", 'Off street parking', 'No chain']","[['Erith ', '0.5 miles'], ['Belvedere ', '1.0 miles'], ['Barnehurst ', '1.1 miles']]","['nationalrail', 'nationalrail', 'nationalrail']",Ask agent,Ask agent,Ask agent,Band: D,False
36,135307907,"£280,000",Reduced on 17/10/2023,"Hanover Way, Bexleyheath, DA6",A fantastic opportunity has arisen to own this beautiful ground floor flat located in the popular and highly sought-after Crook Log area. This stunning property offers comfortable living in a convenient location with everything you need just a stone's throw away. Conveniently situated within wal...,Ground Flat,1,2,,Leasehold,"['No Onwards Chain', 'Two Double Bedrooms', 'Ideal For A First Time Buyer Or Couple', 'Ground Floor Flat', 'Allocated Parking Space ', 'Excellent Transport Links', 'In Need Of A Re-Fresh']","[['Bexleyheath ', '0.4 miles'], ['Welling ', '1.1 miles'], ['Barnehurst ', '1.4 miles']]","['nationalrail', 'nationalrail', 'nationalrail']",£100 per year,£900,85 years left,Band: C,False
37,135535529,"£300,000",Reduced on 17/10/2023,"1 West Court, Grove Place, London, SE9","1 Bedroom | 0.4mi to Eltham Station | 557 sq.ft | Private Balcony | Chain Free | Modern Apartment | Concierge Service | CHAIN FREE | A lovely and bright ONE BEDROOM first floor apartment offering IN EXCESS OF 550 SQ FT, concierge service and PRIVATE BALCONY. Ideally located in the cent...",Apartment,1,1,,Leasehold,[],"[['Eltham ', '0.4 miles'], ['Mottingham ', '0.7 miles'], ['New Eltham ', '1.3 miles']]","['nationalrail', 'nationalrail', 'nationalrail']",£0 per year,£2556,Ask agent,Band: TBC,False
38,140995553,"£405,000",Added on 17/10/2023,"Building 22, Cadogan Road, Royal Arsenal SE18","Quirky, loft style apartment, in a popular period conversion in the heart of this established landmark development, situated adjacent to the river, east of Greenwich and only a short stroll from the Elizabeth Line. Spacious reception, with extended height windows overlooking courtyard below, doub...",Apartment,2,2,,Leasehold,"['Split level period conversion', 'Two double bedrooms (master with en suite)', 'Extended height windows overlooking inner courtyard', 'Short walk from Elizabeth Line station', 'Reception with double height ceiling ', '24hr Concierge & security', 'On site cafés, two Young\'s ""gastro pubs"", two theatres, pizzeria,Tesco and M&S Food Hall', 'Residents gym', 'Walking distance from Town Centre & Thames Clipper', 'Easy reach of Canary Wharf & the City']","[['Woolwich ', '0.1 miles'], ['Woolwich Arsenal ', '0.3 miles'], ['Plumstead ', '0.6 miles']]","['nationalrail', 'nationalrail', 'nationalrail']",Ask agent,Ask agent,Ask agent,Ask agent,False
39,137950193,"£415,000",Reduced on 17/10/2023,"Palmerston Crescent, London, SE18","Don't miss out on this fantastic opportunity to own a three-bedroom terrace house in a highly sought after location! Situated with EASY ACCESS to WOOLWICH TOWN CENTRE, this property offers convenience to all local amenities. Whether you're looking for shopping, dining, or entertainment options, e...",Terraced,1,3,,Freehold,"['Three Bedroom Terraced House', 'In Need Of Modernisation', 'No Onwards Chain', 'Quiet Residential Location', 'Close To Local Schools And Shops', 'Excellent Family Home', 'Private Rear Garden']","[['Plumstead ', '0.8 miles'], ['Woolwich Arsenal ', '0.9 miles'], ['Woolwich ', '0.9 miles']]","['nationalrail', 'nationalrail', 'nationalrail']",Ask agent,Ask agent,Ask agent,Band: C,False
40,140986229,"£475,000",Reduced on 17/10/2023,"Shackleton Way, Newham","Hamme Building is located in one of E16's most sought after developments Royal Albert Wharf, Features to include private balcony with water views, two double bedrooms, en-suite to master, allocated parking and 900 plus year lease.",Flat,2,2,,Leasehold,"['Waterside Development', '844 Sq.ft', 'Garage Space sold separately', 'Private Balcony', 'Two Bedrooms', 'Guide Price £475,000 - £499,950 (excluding garage)']","[['Gallions Reach ', '0.3 miles'], ['Cyprus ', '0.6 miles'], ['King George V ', '0.7 miles']]","['dlr', 'dlr', 'dlr']",Ask agent,Ask agent,Ask agent,Ask agent,False
41,86329893,"£500,000",Reduced on 17/10/2023,"Bexley Road, London","**** GUIDE PRICE £500,000 - £525,000**** POTENTIAL TO EXTEND, SUBJECT TO PLANNING PERMISSION: Fantastic opportunity to acquire this lovely three bedroom semi-detached family home that has been immaculately maintained by the current vendors. The property offe...",Semi-Detached,1,3,,Freehold,[],"[['Falconwood ', '0.7 miles'], ['New Eltham ', '1.1 miles'], ['Welling ', '1.2 miles']]","['nationalrail', 'nationalrail', 'nationalrail']",Ask agent,Ask agent,Ask agent,Band: TBC,False
42,140783153,"£699,995",Reduced on 17/10/2023,"Plumstead Common Road, Plumstead, London, SE18 2RS","Situated in one of the prime spots overlooking Plumstead Common, Beaumont Gibbs are delighted to be offering this incredible and extremely spacious three double bedroomed Victorian house to the sales market. Properties like this do not come to the market very often, so we would advise to view now.",Terraced,3,3,,Freehold,"['A STUNNING THREE DOUBLE BEDROOMED VICTORIAN TERRACE', 'INCREDIBLE AND DIRECT VIEWS OVER PLUMSTEAD COMMON', 'ONE OF THE LARGEST UN-EXTENDED HOUSES YOU WILL FIND  LOCALLY', 'A MIGHTY IMPRESSIVE 137 SQ METERS OF VICTORIAN BEAUTY', ""HUGE 34' LONG FITTED KITCHEN / DINER, WITH UNDERFLOOR HEATING"", ""A 27' THROUGH LOUNGE WITH A BEAUTIFULLY ORNATE CEILING"", ""49' SOUTH FACING GARDEN TO REAR, WITH PEDESTRIAN ACCESS"", 'GROUND FLOOR SHOWER / UTILITY ROOM', 'LARGE FAMILY BATHROOM & EN-SUITE SHOWER TO REAR BEDROOM', 'OFF STREET PARKING FOR ONE CAR TO THE FRONT']","[['Plumstead ', '0.6 miles'], ['Woolwich Arsenal ', '0.9 miles'], ['Woolwich ', '0.9 miles']]","['nationalrail', 'nationalrail', 'nationalrail']",Ask agent,Ask agent,Ask agent,Band: D,False
43,140978891,"£450,000",Added on 17/10/2023,"Willenhall Road, Woolwich","**Guide Price £450,000 - £475,000** Victorian Charm with Endless Potential! Embrace the opportunity to make this Victorian end-of-terrace house your very own. Nestled in an elevated position and conveniently located close to Woolwich town center, this property is brimming with potenti...",End of Terrace,1,3,,Freehold,"['Victorian End of Terrace House', 'Three Bedrooms', 'Gas Central Heating', 'Upstairs Bathroom', 'Close to Woolwich Rail Links', 'Through Lounge', 'In Need Of Some Updating', 'Early Viewing Recommended']","[['Woolwich Arsenal ', '0.5 miles'], ['Woolwich ', '0.6 miles'], ['Woolwich Dockyard ', '0.8 miles']]","['nationalrail', 'nationalrail', 'nationalrail']",Ask agent,Ask agent,Ask agent,Band: C,False
44,140977799,"£600,000",Added on 17/10/2023,"Cantwell Road, Shooters Hill","Rare Gem - Art Deco Style 3-Bedroom Detached House! Don't miss this exceptional opportunity to own an Art Deco style 3-bedroom detached house with an integral garage. Nestled in the sought-after area of Shooters Hill, this property is surrounded by local shops, schools, Shooters Hill Golf Club, a...",Detached,1,3,,Freehold,"['Art Deco Style Detached House', 'Three Bedrooms', 'Integral Garage', 'Gas Central Heating', 'Popular Shooters Hill Area', 'Approx 1.8 Miles to Woolwich Rail Links', 'Close to Local Shops', 'Large Kitchen/Diner']","[['Woolwich Arsenal ', '0.9 miles'], ['Woolwich ', '1.0 miles'], ['Plumstead ', '1.1 miles']]","['nationalrail', 'nationalrail', 'nationalrail']",Ask agent,Ask agent,Ask agent,Band: E,False
45,140974733,"£525,000",Added on 17/10/2023,"Wellington Avenue, Sidcup","Ideally located for the popular The Oval Shops, we are delighted to present for sale this three/four bedroom end of terraced family home which has been immaculately presented throughout and meticulously maintained. In brief the accommodation on offer comprises entrance hall, through lounge measu...",End of Terrace,1,3,998 sq. ft.(93 sq. m.),Freehold,"['Extended Three Bedroom Three Bedroom End Of Terraced Home', 'Potential To Extend Further (STPP)', 'Large Dual Aspect Through Lounge Measuring', 'Lovely Fitted Extended Fitted Kitchen With Under Floor Heating', 'Extended Downstairs Bedroom/Study', 'Three First Floor Family Bedrooms', 'Three Piece Bathroom Suite With Under Floor Heating', 'Beautifully Maintained Well Established Rear Garden With Rear Access', 'Front Driveway For Two Cars', 'Hunters Sole Agents']","[['Sidcup ', '0.9 miles'], ['Albany Park ', '1.2 miles'], ['Welling ', '1.3 miles']]","['nationalrail', 'nationalrail', 'nationalrail']",Ask agent,Ask agent,Ask agent,Band: D,False
46,140927987,"£350,000",Added on 17/10/2023,"Rowley Avenue, Sidcup, Kent",OPEN HOUSE THIS SATURDAY (21ST OCT) - by appointment only. Chain Free! This Terraced house could be the perfect house for you to go in and put your on stamp on. It is situated in a desirable location with good primary and secondary schools nearby.,Terraced,1,3,,Freehold,"['OPEN HOUSE THIS SATURDAY (21ST OCT) - by appointment only', 'Ideal for first time buyers or investors', 'Backs on to Penhill Park', 'Very popular location in Sidcup', 'Local shops and transport links within walking distance', 'Front garden has the potential to be made into a driveway', 'Partially refurbished', 'EPC energy rating D']","[['Albany Park ', '0.7 miles'], ['Sidcup ', '0.9 miles'], ['Bexley ', '1.4 miles']]","['nationalrail', 'nationalrail', 'nationalrail']",Ask agent,Ask agent,Ask agent,Band: D,False
47,135166949,"£415,000",Reduced on 17/10/2023,"Nelson Road, Belvedere","**VIDEO TOUR** Welcome to your dream home! Situated in a charming Victorian neighbourhood, this spacious and inviting terraced family home is everything you've been searching for. With its generous proportions and tasteful design, it offers a perfect blend of elegance and functionality. <...",House,1,3,,Freehold,"['THREE BEDROOM VICTORIAN HOME', 'LARGE KITCHEN/DINING ROOM', 'LOVELY CONDITION THROUGHOUT', 'UPSTAIRS BATHROOM', 'OPEN PLAN LOUNGE SPLIT IN TWO', 'WALKING DISTANCE TO NUXLEY VILLAGE', 'CLOSE TO BOTH PRIMARY AND SECONDARY SCHOOLS', 'EPC - D', '1217 SQ FT', 'COUNCIL TAX BAND D']","[['Belvedere ', '0.7 miles'], ['Abbey Wood ', '1.0 miles'], ['Erith ', '1.5 miles']]","['nationalrail', 'nationalrail', 'nationalrail']",Ask agent,Ask agent,Ask agent,Band: D,False
48,140971499,"£450,000",Added on 17/10/2023,"Willenhall Road, Woolwich, SE18","*** Guide Price £450,000 - £475,000 *** A Victorian end of terrace house in an elevated position and ideally located close to Woolwich town centre. ",End of Terrace,1,3,,Freehold,[],"[['Woolwich Arsenal ', '0.4 miles'], ['Woolwich ', '0.6 miles'], ['Woolwich Dockyard ', '0.8 miles']]","['nationalrail', 'nationalrail', 'nationalrail']",Ask agent,Ask agent,Ask agent,Band: TBC,False
49,140969942,"£500,000",Added on 17/10/2023,"Bedonwell Road, Bexleyheath"," PRICE RANGE £500,000-£515,000. Village Estates are pleased to present to the market this spacious three bedroom family home situated in a popular location within easy reach of local schools, shops and transport links. Set on a generous corner plot offering potential to extend STPP. ...",Semi-Detached,1,3,,Freehold,"['GENEROUS CORNER PLOT', 'GARAGE TO REAR OF GARDEN', 'THREE BEDROOMS ', 'TWO RECEPTION ROOMS', 'GOOD SIZED FAMILY BATHROOM', 'VIEWING ADVISED ', 'CLOSE TO LOCAL SCHOOLS', 'EXCELLENT TRANSPORT LINKS']","[['Belvedere ', '1.1 miles'], ['Barnehurst ', '1.0 miles'], ['Bexleyheath ', '1.1 miles']]","['nationalrail', 'nationalrail', 'nationalrail']",Ask agent,Ask agent,Ask agent,Band: E,False
50,140930081,"£550,000",Added on 16/10/2023,"Izane Road, BEXLEYHEATH, DA6","Impressive three double bedroom semi detached period style property offering spacious family accommodation situated in a quiet road within walking distance of Bexleyheath train station, Bexleyheath Broadway and good local schools.The property comprises to the ground floor, a lounge, din...",Semi-Detached,2,3,,Freehold,[],"[['Bexleyheath ', '0.6 miles'], ['Bexley ', '1.1 miles'], ['Barnehurst ', '1.2 miles']]","['nationalrail', 'nationalrail', 'nationalrail']",Ask agent,Ask agent,Ask agent,Band: E,False
51,140969366,"£270,000",Added on 17/10/2023,"Thames Reach, West Thamesmead","Guide Price £270,000 - £290,000 Leasehold Penthouse Living Above the City! Prepare to be impressed by this delightful 2-bedroom penthouse apartment that offers bright and spacious accommodation. Situated above shops on the top floor, it's accessed through a private residents' courty...",Penthouse,2,2,,Leasehold,"['Penthouse Apartment', 'Two Bedrooms', 'Two Bathrooms', 'Large Rap Around Balcony', 'Popular West Thamesmead', 'Double Glazing', 'Heating', 'Close to Rail Links']","[['Plumstead ', '0.7 miles'], ['Woolwich ', '0.9 miles'], ['Gallions Reach ', '1.0 miles']]","['nationalrail', 'nationalrail', 'dlr']",£200 per year (Ask agent about the review period)When and how often your ground rent will be reviewed.Read more about ground rent review period in our glossary page.,£4728,Ask agent,Ask agent,False
52,140006627,"£635,000",Reduced on 17/10/2023,"York Avenue, Sidcup, DA15 7LJ","*chain free**south facing garden* A well presented 3 bedroom semi detached house that sits in such a popular tree lined road. The house offers easy access to Sidcup train station, local parks and some of the boroughs most sought after schools. We feel it would make a great family home as it also ...",Semi-Detached,1,3,,Freehold,"['3 bedroom semi detached house', 'Popular tree lined road', 'Easy access to Sidcup station, local parks and sought after schools', 'Potential to extend further (STPP)', 'Internal viewing recommended', '2 receptions', 'Rear garden with two patio areas', 'Integral garage & off street parking']","[['Sidcup ', '0.5 miles'], ['New Eltham ', '0.9 miles'], ['Albany Park ', '1.5 miles']]","['nationalrail', 'nationalrail', 'nationalrail']",Ask agent,Ask agent,Ask agent,Ask agent,False
53,138427781,"£485,000",Reduced on 17/10/2023,"Westbrooke Road, Welling"," Searching for that feeling of 'home'? This quintessential three bedroom semi-detached is nestled in a residential pocket of Welling, bordering Bexleyheath. It's unique location will be of particular interest for those seeking school options - there are choices on your doorstep for every suit...",Semi-Detached,2,3,,Freehold,"['Three Bedroom Semi', 'Freehold House', 'Multiple School Options', 'Good Transport Links', 'Meticulously Maintained', 'Off Road Parking', 'Potential to Extend STPP', 'Chain Free', 'White Goods Available', 'EPC - Awaited']","[['Bexleyheath ', '0.6 miles'], ['Welling ', '0.8 miles'], ['Barnehurst ', '1.7 miles']]","['nationalrail', 'nationalrail', 'nationalrail']",Ask agent,Ask agent,Ask agent,Band: D,False
54,140966195,"£425,000",Added on 17/10/2023,Masons Hill Woolwich SE18,"Delightful, three bedroom, end of terrace family home. Located under 5 Mins walk to Woolwich Train/DLR Station and convenient shopping facilities.",Terraced,1,3,,Freehold,"['Three Bedrooms', 'End Of Terrace', 'Off Street Parking', 'Close To Superb Transportation', 'Double Glazed', 'Spacious Accommodation', '30 Foot Rear Garden', 'Convenient Shopping Facilities']","[['Woolwich Arsenal ', '0.2 miles'], ['Woolwich ', '0.3 miles'], ['Plumstead ', '0.6 miles']]","['nationalrail', 'nationalrail', 'nationalrail']",Ask agent,Ask agent,Ask agent,Ask agent,False
55,140965379,"£400,000",Added on 17/10/2023,"Congreve Road, Eltham SE9","Set in a quiet and peaceful location, this three-bedroom terraced house, Congreve Road, Eltham, SE9, is ideally situated for Eltham Station for easy access to Canary Wharf and the City. Rarely available and priced to sell, this remarkable house would make the perfect project for someone looking t...",Terraced,2,3,,Freehold,"['Three bedrooms', 'Terraced house', 'Chain free', 'Fantastic location', 'Ideal project', 'Priced to sell']","[['Eltham ', '0.3 miles'], ['Kidbrooke ', '1.0 miles'], ['Falconwood ', '1.3 miles']]","['nationalrail', 'nationalrail', 'nationalrail']",Ask agent,Ask agent,Ask agent,Ask agent,False
56,136012490,"£399,995",Added on 17/10/2023,Chapel Road Bexleyheath DA7,"Acorn are delighted to welcome to the market this spacious three bed house, with planning permission, in central Bexleyheath. Offered chain free, the house would make an ideal first time purchase.",Semi-Detached,1,3,,Freehold,"['Three Bedrooms', 'Chain Free', 'Planning Permission Granted', 'Basement ', 'Sought After Location', 'Large Garden', 'Ample Transport Links', 'Energy Efficiency Rating - E']","[['Bexleyheath ', '0.7 miles'], ['Barnehurst ', '0.7 miles'], ['Bexley ', '1.2 miles']]","['nationalrail', 'nationalrail', 'nationalrail']",Ask agent,Ask agent,Ask agent,Band: D,False
57,140964155,"£525,000",Added on 17/10/2023,"McLeod Road, Abbey Wood, London, SE2","***OFFERS IN EXCESS OF £525,000*** A stunning and spacious bay fronted three bedroom period style home conveniently located for Abbey wood village, Elizabeth line and mainline station. *TWO SPACIOUS RECEPTION ROOMS* *MODERN FITTED KITCHEN* *ORIGINAL FEATURES* *FIRST FLOOR MO...",Terraced,1,3,,Freehold,"['Two Spacious Reception Rooms', 'Modern Fitted Kitchen', 'Original Features', 'First Floor Modern Bathroom', 'Conservatory', 'Double Glazed Sash Style Windows', 'Co – Op Estate']","[['Abbey Wood ', '0.6 miles'], ['Plumstead ', '1.1 miles'], ['Welling ', '1.6 miles']]","['nationalrail', 'nationalrail', 'nationalrail']",Ask agent,Ask agent,Ask agent,Band: C,False
58,138717392,"£425,000",Reduced on 17/10/2023,"Woolwich Road, Bexleyheath  DA7 4HT","Guide Price £450,000 - £465,000 Welcome to this charming Victorian semi-detached home located on Woolwich Road, near Bexleyheath Broadway shopping centre. This modernised property offers a comfortable and stylish living space, perfect for first-time buyers. See below for all ...",Semi-Detached,1,3,,Freehold,"['Period Semi Detached Cottage', 'Very Popular Location', 'Get On or Step Up The Housing Ladder', 'Attention - First Time Buyers', 'Close to Excellent Local Transport Links', 'Close to Excellent Local Shops', 'Driveway for Off Road Parking', 'Call NOW 24/7 or book instantly online to View']","[['Bexleyheath ', '0.7 miles'], ['Barnehurst ', '0.7 miles'], ['Bexley ', '1.2 miles']]","['nationalrail', 'nationalrail', 'nationalrail']",Ask agent,Ask agent,Ask agent,Band: C,False
59,140914961,"£450,000",Added on 17/10/2023,"Lovel Avenue, Welling, Kent",OPEN HOUSE THIS SATURDAY (21ST OCT) - by appointment only. This Semi Detached house is being sold CHAIN FREE!!! It is in the perfect location for transport links - with Welling train station just a short walk away and local bus links also. This is a very popular part of Welling due to local schoo...,Semi-Detached,1,3,,Freehold,"['OPEN HOUSE THIS SATURDAY (21ST OCT) - by appointment only', 'Ideal family home', 'Opportunity to extend subject to planning permission', 'Partially refurbished', 'Large rear garden not overlooked due to mature borders', 'Detached garage to the rear with access from the front driveway', 'EPC energy rating D']","[['Welling ', '0.3 miles'], ['Bexleyheath ', '1.2 miles'], ['Falconwood ', '1.3 miles']]","['nationalrail', 'nationalrail', 'nationalrail']",Ask agent,Ask agent,Ask agent,Band: D,False
60,140959970,"£295,000",Added on 17/10/2023,"Bridgen Road, Bexley, DA5","Aletta Shaw are delighted to bring this property to the market. There is much to like about this 2 bedroomed, detached, quaint property and what is more, it’s ‘chain free’. The potential here is enormous",Detached,1,2,,Ask agent,[],"[['Albany Park ', '0.7 miles'], ['Bexley ', '0.8 miles'], ['Bexleyheath ', '1.2 miles']]","['nationalrail', 'nationalrail', 'nationalrail']",Ask agent,Ask agent,Ask agent,Ask agent,False
61,140701934,"£550,000",Reduced on 17/10/2023,"Cottage Field Close, Sidcup, DA14 4PD","* Video Available * A four bedroom house that has been extended in the loft space to allow for a master bedroom with en suite shower room, ideal for a growing family. Located within easy reach of Albany Park Mainline Station and a number of popular schools, both primary and secondary. Offered wit...",Terraced,3,4,,Freehold,"['CONVERTED GARAGE/OFFICE/GYM', 'EN SUITE TO MASTER BEDROOM', 'TWO CAR DRIVEWAY', 'LARGE OPEN PLAN LOUNGE', 'CHIS & SID GRAMMAR SCHOOL', 'ALBANY PARK MAINLINE STN', ""EPC RATING 'TBC'"", ""COUNCIL TAX BAND 'E'""]","[['Albany Park ', '0.3 miles'], ['Sidcup ', '0.8 miles'], ['Bexley ', '1.2 miles']]","['nationalrail', 'nationalrail', 'nationalrail']",Ask agent,Ask agent,Ask agent,Band: E,False
62,140959760,"£499,000",Added on 17/10/2023,"Victory Parade, Woolwich, SE18","A modern two bedroom apartment spanning an approximate 660 square feet with a large south east facing balcony, situated on the 5th floor of Duncombe House, Royal Arsenal Riverside by Berkeley Homes.",Apartment,1,2,,Leasehold,"['Two Double Bedrooms', 'One Bathroom', '5th Floor', '660 Square Feet (Approx.)', 'South East facing Balcony', 'Open-Plan Kitchen', 'Residents’ Gym and Swimming pool', 'Concierge', 'On-Site Crossrail Station', 'Woolwich Overground and DLR Station']","[['Woolwich ', '0.1 miles'], ['Woolwich Arsenal ', '0.2 miles'], ['Plumstead ', '0.6 miles']]","['nationalrail', 'nationalrail', 'nationalrail']",£375 per year,£4038.9,976 years left,Band: D,False
63,140958629,"£425,000",Added on 17/10/2023,"Kennard Street, North Woolwich, E16","This well presented three bedroom terraced house boasts a spacious through lounge, separate kitchen, three double bedrooms with the loft bedroom boasting a wc as well as a substantial first floor bathroom with the ability to split to create an additional shower room. Further benefits include ...",Semi-Detached,1,3,,Freehold,"['Three Double Bedrooms ', 'Large Through Lounge ', 'Rear Garden ', 'UPVC Double Glazing ', 'Bathroom and WC ', 'Street Permit Parking', 'EPC: TBC / Council Tax Band: D', 'Floor Area: 1060 Sq/Ft (98.5 Sq/M)']","[['London City Airport ', '0.2 miles'], ['King George V ', '0.3 miles'], ['Beckton Park ', '0.5 miles']]","['dlr', 'dlr', 'dlr']",Ask agent,Ask agent,Ask agent,Band: D,False
64,140957795,"£425,000",Added on 17/10/2023,"Admaston Road, Plumstead, London, SE18 2TX","Beaumont Gibbs are proud to market this beautiful two double bedroom Victorian terrace cottage for sale in Admaston Road, Plumstead Common.",Terraced,1,2,,Freehold,"['2 DOUBLE BEDROOM VICTORIAN TERRACED COTTAGE', 'DOUBLE GLAZED SASH STYLE WINDOWS', 'LARGE UPSTAIRS BATHROOM', 'IMMACULATELY PRESENTED', 'PLUMSTEAD COMMON  LOCATION', 'SEE VIDEO TOUR', 'WEST FACING GARDEN', 'BRICK FRONTED', 'VIEW NOW']","[['Plumstead ', '0.7 miles'], ['Woolwich Arsenal ', '0.8 miles'], ['Woolwich ', '0.9 miles']]","['nationalrail', 'nationalrail', 'nationalrail']",Ask agent,Ask agent,Ask agent,Band: C,False
65,140955158,"£525,000",Added on 17/10/2023,"Maiden Erlegh Avenue, Bexley","PRICE RANGE £525,000-£550,000. Village Estates are delighted to present to the market this spacious THREE BEDROOM FAMILY HOME situated in a sought after location within easy reach of local schools, shops and train station. This property offers spacious accommodation throughout along w...",Semi-Detached,1,3,,Freehold,"['THREE BEDROOM FAMILY HOME', 'LARGE LIVING ACCOMMODATION', 'GOOD SIZED KITCHEN', 'OFF ROAD PARKING TO FRONT', 'GARAGE TO SIDE', 'CLOSE TO LOCAL SCHOOLS', 'SPACIOUS ENTRANCE HALL', 'BATHROOM & SEPARATE W/C', 'GOOD SIZED REAR GARDEN', 'VIEWING HIGHLY RECOMMENDED']","[['Albany Park ', '0.4 miles'], ['Bexley ', '0.6 miles'], ['Sidcup ', '1.3 miles']]","['nationalrail', 'nationalrail', 'nationalrail']",Ask agent,Ask agent,Ask agent,Band: E,False
66,140953265,"£525,000",Added on 17/10/2023,Hollingbourne Avenue Bexleyheath DA7,"** GUIDE PRICE £525,000 - £550,000 **
Acorn are thrilled to welcome to the market this stunning, chain free two double bedroom Bungalow, located on a highly sought after road in Bexleyheath.
Energy Efficiency Rating - D",Bungalow,1,2,,Freehold,"['Chain Free', 'Two Bedrooms', 'Semi Detached Bungalow', 'Highly Sought After Road', 'Renovated to a High Standard', 'Modern Kitchen and Bathroom', 'Conservatory', 'Energy Efficiency Rating - D']","[['Bexleyheath ', '0.6 miles'], ['Barnehurst ', '0.8 miles'], ['Belvedere ', '1.6 miles']]","['nationalrail', 'nationalrail', 'nationalrail']",Ask agent,Ask agent,Ask agent,Ask agent,False
67,140952749,"£450,000",Added on 17/10/2023,"Boevey Path, Belvedere, DA17","Call today to view this extended four bedroom family home. Situated in Upper Belvedere, only a short walk from both Bedonwell Junior school and Nuxley Village where you will find all of your local amenities. NO CHAIN ",Semi-Detached,2,4,,Freehold,"['Chain free', 'Four bedrooms', 'Kitchen/diner', 'Two bathrooms', 'Off street parking', 'Rear access', 'Close proximity to Bedonwell School']","[['Abbey Wood ', '1.0 miles'], ['Belvedere ', '1.0 miles'], ['Bexleyheath ', '1.3 miles']]","['nationalrail', 'nationalrail', 'nationalrail']",Ask agent,Ask agent,Ask agent,Band: D,False
68,140907605,"£550,000",Added on 17/10/2023,"Westwood Lane, Welling, Kent",OPEN HOUSE THIS SATURDAY (21ST OCT) - by appointment only. This is Semi Detached house located in a very popular location and within walking distance to Welling train station and the local high street . It has fully converted loft offering an extra bedroom and great size rear garden.,Semi-Detached,2,4,,Freehold,"['OPEN HOUSE THIS SATURDAY (21ST OCT) - by appointment only', 'Ideal for first time buyers or families looking to upsize', 'Driveway can easily fit two cars', 'Great size rear garden', 'Close to Danson Park and local primary schools', 'Walking distance to local transport links', 'Well presented property', 'EPC energy rating D']","[['Welling ', '0.3 miles'], ['Falconwood ', '0.8 miles'], ['Bexleyheath ', '1.6 miles']]","['nationalrail', 'nationalrail', 'nationalrail']",Ask agent,Ask agent,Ask agent,Band: E,False
69,140951978,"£400,000",Added on 17/10/2023,"Moordown, Shooters Hill, London, SE18","***GUIDE PRICE £400,000 - £425,000*** An extended three bedroom 1930’s style family house with a stunning kitchen and shower room. Although in need of updating in some areas this is a superb property located in a sought after road. *MODERN EXTENDED KITCHEN* *MODE...",Terraced,1,3,,Freehold,"['Modern Extended kitchen', 'Modern First Floor Shower Room', 'Double Garage To Rear', 'Potential For Off Street Parking To Front (STPP)', 'Double Glazing And Central Heating', 'Chain Free']","[['Falconwood ', '1.1 miles'], ['Woolwich Arsenal ', '1.2 miles'], ['Woolwich ', '1.3 miles']]","['nationalrail', 'nationalrail', 'nationalrail']",Ask agent,Ask agent,Ask agent,Band: D,False
70,140951315,"£420,000",Added on 17/10/2023,"Curran Avenue, Sidcup, DA15","Simplicity meets elegance in this remarkable terraced home, perfectly situated to provide easy access to local shops, well-regarded schools and major transportation links. Meticulously modernised and impeccably maintained, this property sets the gold standard for turnkey living. Infused with cont...",Terraced,1,2,,Freehold,"['Stunning Terraced Family Home', 'Two Bedrooms', 'Large open Plan Lounge Diner', 'Modern & Contemporary Kitchen', 'Off Road Parking', 'Low Maintenance Garden', 'Popular Location']","[['Welling ', '0.9 miles'], ['Falconwood ', '0.9 miles'], ['Sidcup ', '1.3 miles']]","['nationalrail', 'nationalrail', 'nationalrail']",Ask agent,Ask agent,Ask agent,Band: C,False
71,138430004,"£340,000",Reduced on 17/10/2023,"Goldfinch Road, Thamesmead, London, SE28","Located on the fringes of Thamesmead and Woolwich, just a few moments from the Elizabeth line, is this chain free two bedroom bungalow. *16FT LIVING/DINING ROOM* *FITTED KITCHEN* *DOUBLE GLAZED CONSERVATORY* *DOUBLE GLAZING AND CENTRAL HEATING* *LOW MAINTENANCE GARDEN* *PARKING* ",Bungalow,1,2,,Freehold,"['16ft Living/Dining Room', 'Fitted Kitchen', 'Double Glazed Conservatory', 'Double Glazing And Central Heating', 'Low Maintenance Garden', 'Parking']","[['Plumstead ', '0.4 miles'], ['Woolwich ', '0.7 miles'], ['Woolwich Arsenal ', '0.9 miles']]","['nationalrail', 'nationalrail', 'nationalrail']",Ask agent,Ask agent,Ask agent,Band: B,False
72,140947163,"£500,000",Added on 16/10/2023,"Greenhithe Close, Sidcup, DA15","** Guide Price £500,000 - £515,000 ** This remarkable house stands as a testament to immaculate living, gracing a corner plot that offers unmatched convenience to all your daily needs. From local shops to reliable transportation and highly sought-after schools, this residence is...",Semi-Detached,2,3,,Freehold,"['Three Bedrooms', 'Semi-Detached', 'Kitchen/Breakfast Room', 'Off Street Parking', 'Utility Room']","[['New Eltham ', '0.7 miles'], ['Sidcup ', '1.1 miles'], ['Falconwood ', '1.1 miles']]","['nationalrail', 'nationalrail', 'nationalrail']",Ask agent,Ask agent,Ask agent,Band: D,False
73,140947160,"£425,000",Added on 16/10/2023,"East Rochester Way, Sidcup, Kent, DA15","We are pleased to present this generously extended semi-detached family home, offered chain-free. Situated conveniently close to Falconwood station, sought-after schools and local shops, this property offers a prime location for comfortable living. The kitchen has been thoughtfully ext...",Semi-Detached,2,3,,Freehold,"['Chain Free', 'Extended Semi Detached Family Home', 'Three Bedrooms', 'Open Lounge Diner', 'Ground Floor WC', 'Detached Garage & Parking', 'South Facing Garden']","[['Falconwood ', '0.6 miles'], ['Welling ', '0.8 miles'], ['New Eltham ', '1.5 miles']]","['nationalrail', 'nationalrail', 'nationalrail']",Ask agent,Ask agent,Ask agent,Band: D,False
74,140947157,"£300,000",Added on 16/10/2023,"Barton Close, Bexleyheath, Kent, DA6","***£300,000-£315,000*** Two bedroom first floor maisonette located near Danson Park situated in a cul de sac and surrounded by great local schools, the property has a private garden and modern decor throughout. ",Maisonette,,2,,Ask agent,"['Two Bedrooms', 'First Floor', 'Long Lease', 'Private Garden', 'Quiet Cul-de-sac Location']","[['Bexleyheath ', '0.7 miles'], ['Bexley ', '1.1 miles'], ['Albany Park ', '1.2 miles']]","['nationalrail', 'nationalrail', 'nationalrail']",Ask agent,Ask agent,Ask agent,Band: TBC,False
75,140933558,"£300,000",Added on 16/10/2023,"Eastnor Road, London, SE9","Beautifully presented two double bedroom second floor apartment situated in a lovely quiet close just minutes walk to New Eltham train station, restaurants and shopping facilities.Presented in excellent decorative condition the property features a spacious open plan kitchen/lounge/diner...",Flat,1,2,,Leasehold,"['Two double bedrooms', 'Modern fitted kitchen', 'Modern  Bathroom', 'Close to  Train Station', 'Close to shops', 'Designated Parking Space']","[['New Eltham ', '0.1 miles'], ['Mottingham ', '1.1 miles'], ['Sidcup ', '1.3 miles']]","['nationalrail', 'nationalrail', 'nationalrail']",Ask agent,Ask agent,Ask agent,Band: C,False
76,138348689,"£580,000",Reduced on 16/10/2023,"Abbey Road, Belvedere",This well presented 4 bedroom property would make an ideal family home or investment property. Ideally located within a short walk of Abbey Wood station for the NEW Elizabeth line and on the doorstep of Lesnes abbey woods and ruins with beautiful woodland walks. Large South facing rear garden.,Terraced,2,4,,Freehold,"['OFFERS IN THE REGION OF £580,000', 'Ideal family home or investment property', 'Short walk to Abbey Wood Station for New Elizabeth Line', 'Well connected with local bus routes', 'Numerous good local primary and secondary schools', '10 minute drive to Bexleyheath Shopping Centre', 'Close to Lesnes Abbey Woods for woodland walks', 'Single storey kitchen extension', 'Rear south facing garden with lawn and patio seating area', 'Garage to rear']","[['Abbey Wood ', '0.2 miles'], ['Belvedere ', '1.2 miles'], ['Plumstead ', '1.8 miles']]","['nationalrail', 'nationalrail', 'nationalrail']",Ask agent,Ask agent,Ask agent,Ask agent,False
77,140164949,"£575,000",Reduced on 16/10/2023,"Enslin Road, London, SE9","( Off Street Parking & Rear Access ) GUIDE PRICE £575,000 - £585,000 Welcome to this immaculate terraced property located in a quiet and peaceful area. This stunning home boasts a wealth of unique features that are sure to impress. The property has recently b...",Terraced,1,3,,Freehold,"['Off Street Parking & Rear Access', 'Spacious bedrooms', 'Open-plan kitchen with wood countertops', 'Sophisticated reception room with fireplace', 'Tranquil garden', 'High ceilings and wood floors', 'Large windows offering plenty of natural light', 'Close to public transport links', 'Nearby schools and green spaces', 'Strong sense of community']","[['Mottingham ', '0.7 miles'], ['Eltham ', '0.7 miles'], ['New Eltham ', '0.8 miles']]","['nationalrail', 'nationalrail', 'nationalrail']",Ask agent,Ask agent,Ask agent,Band: TBC,False
78,138821870,"£325,000",Reduced on 16/10/2023,Belmont Road Erith DA8,"** Guide Price £325,000 - £350,000 **
Acorn are delighted to welcome to the market this well presented terraced family home.
Energy Efficiency Rating - D",Terraced,1,2,,Freehold,"['Terrace House', 'Two Bedrooms', 'Street Parking', 'Storage to Rear', 'Close to Transport Links', 'Close to Local Amenities', 'Double Glazing/Central Heating', 'Energy Efficiency Rating - D']","[['Barnehurst ', '0.5 miles'], ['Erith ', '1.0 miles'], ['Bexleyheath ', '1.2 miles']]","['nationalrail', 'nationalrail', 'nationalrail']",Ask agent,Ask agent,Ask agent,Band: C,False
79,138802319,"£575,000",Reduced on 16/10/2023,"Glenesk Road, London","New Price: Rare opportunity to buy this spacious, brightly refurbished 3 bedroom family home with large private drive and rear garage, garden and potential to extend into the attic. Within walking distance to Falconwood and Eltham stations for a short journey into The City of London.",Semi-Detached,1,3,,Freehold,"['3 bedroom semi-detached ‘Bilton’ house', 'Excellent condition', 'Bright living throughout', 'Combi boiler', 'Large driveway and rear garage', 'Short distance to the High Street and Eltham Palace', 'Close to beautiful Oxleas Woods and Eltham Park', 'Walking distance to Falconwood or Eltham station for the City', 'Short walk to Deansfield Primary School rated ‘Outstanding’']","[['Eltham ', '0.7 miles'], ['Falconwood ', '0.7 miles'], ['Kidbrooke ', '1.6 miles']]","['nationalrail', 'nationalrail', 'nationalrail']",Ask agent,Ask agent,Ask agent,Ask agent,False
80,140484986,"£440,000",Reduced on 16/10/2023,Sandy Hill Road London SE18,"Bright and spacious three-bedroom Victorian terrace house offered chain free on a prime road located in Woolwich, this property is an ideal first time buy or investment.",Terraced,1,3,,Freehold,"['Three Bedrooms', 'Victorian ', 'Chain Free', 'Permit Parking ', 'Ideal First Time Buy Or Investment', 'Fantastic Transport Links ', 'Oustanding Schools ', 'EPC Rating D ']","[['Woolwich Arsenal ', '0.4 miles'], ['Woolwich ', '0.6 miles'], ['Plumstead ', '0.7 miles']]","['nationalrail', 'nationalrail', 'nationalrail']",Ask agent,Ask agent,Ask agent,Band: C,False
81,140940803,"£625,000",Added on 16/10/2023,Cambridge Avenue Welling DA16,"Acorn are delighted to welcome to the market this spacious four bedroom Semi Detached family home situated on a highly popular road in Welling. Externally, the house offers off street parking to the front and 66ft rear garden with brick built storage and paved patio areas.",Semi-Detached,2,4,,Freehold,"['Semi-Detached House', 'Four Bedrooms', 'Two Bathroom', 'Off Street Parking', '66ft Rear Garden', 'Energy Efficiency Rating D', 'Local Authority Bexley Band F']","[['Welling ', '0.5 miles'], ['Falconwood ', '0.7 miles'], ['Bexleyheath ', '1.7 miles']]","['nationalrail', 'nationalrail', 'nationalrail']",Ask agent,Ask agent,Ask agent,Band: F,False
82,140938961,"£475,000",Added on 16/10/2023,Federation Road Abbey Wood SE2,"A fantastic opportunity to acquire this three bedroom Victorian terraced house located just a short distance away from Abbey Wood Village, mainline station and Elizabeth Line. Situated in one of South East London's up and coming locations. Energy Efficiency Rating D",Terraced,1,3,,Freehold,"['Victorian Mid Terraced House', 'Three Bedrooms', '24ft Through Lounge', '45ft Private Rear Garden', 'Close to Transport Links', 'Ideal Family Home', 'Great Location', 'Energy Efficiency Rating D']","[['Abbey Wood ', '0.3 miles'], ['Plumstead ', '1.4 miles'], ['Belvedere ', '1.6 miles']]","['nationalrail', 'nationalrail', 'nationalrail']",Ask agent,Ask agent,Ask agent,Ask agent,False
83,140938922,"£600,000",Added on 16/10/2023,"Greenhill Terrace, Woolwich, London","Guide Price - £600,000 - £625,000 Truepenny's are pleased to market this extremely unique family home. This large semi-detached family home is located in the middle of the open green spaces that surround the Woolwich Barracks. The property also has a large annex at the rear...",Semi-Detached,2,4,,Freehold,"['Huge Potential', 'Chain free sale', 'Large semi-detached home', 'Large annex in rear garden', 'Unique park location']","[['Woolwich Dockyard ', '0.3 miles'], ['Woolwich Arsenal ', '0.6 miles'], ['Woolwich ', '0.8 miles']]","['nationalrail', 'nationalrail', 'nationalrail']",Ask agent,Ask agent,Ask agent,Ask agent,False
84,138445352,"£425,000",Reduced on 16/10/2023,Court Road London SE9,"A delightful Two-bedroom, ground floor Victorian flat in a stunning detached building, benefiting from its very own private terrace on Eltham’s most prestigious road.",Ground Flat,1,2,,Share of Freehold,"['Ground Floor Victorian Flat', 'Private Terrace ', 'Open Plan Kitchen', 'Storage ', 'Parking Space ', 'Fantastic Transport Links ', 'Energy Efficiency Rating - C']","[['Mottingham ', '0.3 miles'], ['Eltham ', '0.8 miles'], ['New Eltham ', '1.0 miles']]","['nationalrail', 'nationalrail', 'nationalrail']",Ask agent,Ask agent,Ask agent,Band: C,False
85,140933558,"£300,000",Added on 16/10/2023,"Eastnor Road, London, SE9","Beautifully presented two double bedroom second floor apartment situated in a lovely quiet close just minutes walk to New Eltham train station, restaurants and shopping facilities.Presented in excellent decorative condition the property features a spacious open plan kitchen/lounge/diner...",Flat,1,2,,Leasehold,"['Two double bedrooms', 'Modern fitted kitchen', 'Modern  Bathroom', 'Close to  Train Station', 'Close to shops', 'Designated Parking Space']","[['New Eltham ', '0.1 miles'], ['Mottingham ', '1.1 miles'], ['Sidcup ', '1.3 miles']]","['nationalrail', 'nationalrail', 'nationalrail']",Ask agent,Ask agent,Ask agent,Band: C,False
86,139274468,"£625,000",Reduced on 16/10/2023,"Ashmore Grove, Welling","Anthony James Estate Agents are delighted to offer to the market this extremely spacious and well presented 4/5 bedroom semi detached chalet style family home situated in a sought after road in Welling, DA16. The property is perfectly situated between both Welling and Falconwood Train Stations...",Semi-Detached,2,4,,Freehold,"['4/5 bedroom chalet style house', 'Sought after location', 'Close to Falconwood & Welling Train Stations', 'Close to excellent schools', 'Two reception rooms', 'Two bathrooms', 'Modern kitchen', 'Garage', 'Off street parking', 'EPC Rating E51']","[['Falconwood ', '0.5 miles'], ['Welling ', '0.6 miles'], ['Eltham ', '1.7 miles']]","['nationalrail', 'nationalrail', 'nationalrail']",Ask agent,Ask agent,Ask agent,Band: E,False
87,140932505,"£425,000",Added on 16/10/2023,"43 Harold Avenue, Belvedere",This 3-bedroom end of terrace family home in Belvedere is a perfect canvas to create lasting memories with your loved ones. It offers a comfortable and convenient lifestyle with all the amenities and comforts you could desire. Schedule a viewing today to experience the warmth and charm t...,End of Terrace,1,3,,Freehold,[],"[['Belvedere ', '0.9 miles'], ['Abbey Wood ', '1.0 miles'], ['Bexleyheath ', '1.3 miles']]","['nationalrail', 'nationalrail', 'nationalrail']",Ask agent,Ask agent,Ask agent,Band: C,False
88,140664884,"£350,000",Reduced on 16/10/2023,"34 Lavernock Road, Bexleyheath","If having a great location is high up on your wish list and you are looking for a home that you can improve and extend in the years to come, then this super two-bedroom terraced property in Lavernock Road, Bexleyheath couldn't come more highly recommended by us. We love the handy locati...",Terraced,1,2,,Freehold,"['Lovely Terraced Home With Extension Potential', 'Ample Driveway Parking', 'Great Sized South East Facing Rear Garden', 'Handy Lean To Conservatory', 'Short Walk To Long Lane Shops, Eateries & Bus Routes', 'Excellent School Catchment With Bursted Woods School']","[['Barnehurst ', '0.5 miles'], ['Bexleyheath ', '0.7 miles'], ['Erith ', '1.6 miles']]","['nationalrail', 'nationalrail', 'nationalrail']",Ask agent,Ask agent,Ask agent,Band: C,False
89,140930885,"£350,000",Added on 16/10/2023,"Warehouse Court, Woolwich Riverside, London, SE18",A lovely 1 bedroom 1st floor apartment with private balcony in a fantastic location close to on site amenities and transport links.,Flat,1,1,482 sq. ft.(45 sq. m.),Leasehold,"['A fantastic 1st floor 1 bedroom flat in Royal Arsenal Riverside with concierge', ""Private balcony overlooking residents' courtyard garden"", 'Spacious reception room', 'Modern open plan kitchen with integrated appliances', 'Double bedroom with fitted wardrobe', 'Stylish bathroom', 'Close to the on site Elizabeth line station and Thames Clipper pier, plus nearby DLR, rail and bus links', 'Charming village style community with bakery/cafe, deli, pubs, supermarkets, coffee shop and regular market']","[['Woolwich ', '0.1 miles'], ['Woolwich Arsenal ', '0.2 miles'], ['Plumstead ', '0.6 miles']]","['nationalrail', 'nationalrail', 'nationalrail']",£388 per year (Ask agent about the review period)When and how often your ground rent will be reviewed.Read more about ground rent review period in our glossary page.,£1956.52,112 years left,Ask agent,False
90,140930882,"£350,000",Added on 16/10/2023,"Warehouse Court, Woolwich Riverside, London, SE18","A stylish 2nd floor 1 bedroom flat set in a popular residential development offering contemporary living with neutral décor, private balcony and a beautiful communal courtyard.",Flat,1,1,479 sq. ft.(45 sq. m.),Leasehold,"['A superb 1 bedroom 2nd floor flat', 'Situated in the Royal Arsenal development with concierge', 'Spacious reception room with access to private balcony', 'Modern open plan kitchen with integrated appliances', 'Double bedroom with fitted wardrobe', 'Contemporary bathroom', 'Fantastic on site amenities including supermarkets, pubs, bakery/cafe, coffee shop and deli', 'Adjacent to the Elizabeth line station, with DLR, rail, bus and Thames Clipper also close by']","[['Woolwich ', '0.1 miles'], ['Woolwich Arsenal ', '0.2 miles'], ['Plumstead ', '0.6 miles']]","['nationalrail', 'nationalrail', 'nationalrail']",£388 per year (Ask agent about the review period)When and how often your ground rent will be reviewed.Read more about ground rent review period in our glossary page.,£1956.52,112 years left,Ask agent,False
91,137989274,"£650,000",Reduced on 16/10/2023,"Hornfair Road, Chalton","Situated on a large corner plot with plenty of scope for extending ( SSTP), comes this 1930's semi detached family home.
Accommodation comprises a bright, through reception which over looks the front and rear gardens. There is a galley kitchen which could be extended to the side or knocked throug...",House,1,3,,Freehold,"['Three Bedroom Semi Detached', 'Bright Family Home', 'Large Corner Plot', 'Driveway', 'Catchment Area For Schools', 'Close To Charlton Station/Village']","[['Charlton ', '0.6 miles'], ['Westcombe Park ', '0.9 miles'], ['Woolwich Dockyard ', '1.1 miles']]","['nationalrail', 'nationalrail', 'nationalrail']",Ask agent,Ask agent,Ask agent,Ask agent,False
92,140930081,"£550,000",Added on 16/10/2023,"Izane Road, BEXLEYHEATH, DA6","Impressive three double bedroom semi detached period style property offering spacious family accommodation situated in a quiet road within walking distance of Bexleyheath train station, Bexleyheath Broadway and good local schools.The property comprises to the ground floor, a lounge, din...",Semi-Detached,2,3,,Freehold,[],"[['Bexleyheath ', '0.6 miles'], ['Bexley ', '1.1 miles'], ['Barnehurst ', '1.2 miles']]","['nationalrail', 'nationalrail', 'nationalrail']",Ask agent,Ask agent,Ask agent,Band: E,False
93,140927486,"£450,000",Added on 16/10/2023,"Dorothy Evans Close, Bexleyheath, DA7","Dorothy Evans Close in Bexleyheath is the location for this three bedroom, semi detached house that sits in a very popular part of the town. Situated in walking distance to the town centre, multiple transport links, amenities and schools, this property is perfect for all your needs. E...",Semi-Detached,2,3,,Freehold,"['3 Bedrooms', 'Lounge/Diner', 'Kitchen', 'Utility Room', 'Shower Room', 'Garage', 'Shower Room']","[['Barnehurst ', '0.5 miles'], ['Bexleyheath ', '0.9 miles'], ['Bexley ', '1.2 miles']]","['nationalrail', 'nationalrail', 'nationalrail']",Ask agent,Ask agent,Ask agent,Band: E,False
94,140491910,"£625,000",Reduced on 16/10/2023,"Cranbrook Road, Bexleyheath, DA7","Cranbrook Road in the ever popular 'Pantiles' location of Bexleyheath, is where this five/six bedroom semi detached house is positioned. Having already been extended, this property provides ample space throughout from reception rooms to bedrooms. Located close to local amenities as well as school...",Semi-Detached,2,5,,Freehold,"['5 Bedrooms', 'Living Room', 'Dining Room', 'Kitchen', 'Utility Room', 'Conservatory', 'Shower Room', 'Bathroom', 'Office']","[['Bexleyheath ', '0.7 miles'], ['Barnehurst ', '0.8 miles'], ['Belvedere ', '1.5 miles']]","['nationalrail', 'nationalrail', 'nationalrail']",Ask agent,Ask agent,Ask agent,Band: E,False
95,140925155,"£270,000",Reduced on 16/10/2023,"Flat M01, 1 Polytechnic Street, Woolwich, London, SE18","New 250 Year Lease , Open Plan Kitchen/Living/Dining Room with access to Terrace, Bedroom with Ensuite Shower Room, Bedroom, Bathroom, Approximate GIA 70 sq m (753 sq ft), Passenger Lift and Intercom (not tested), Secure Bike Storage, Woolwich Arsenal Park station (Thameslink, Southeastern and DL...",Flat,2,2,,Leasehold,[],"[['Woolwich Arsenal ', '0.1 miles'], ['Woolwich ', '0.3 miles'], ['Woolwich Dockyard ', '0.5 miles']]","['nationalrail', 'nationalrail', 'nationalrail']",Ask agent,Ask agent,Ask agent,Ask agent,False
96,140924900,"£525,000",Added on 16/10/2023,Arcadian Avenue Bexley DA5,"** GUIDE PRICE £525,000 - £550,000 ** Acorn are delighted to welcome to the market this charming Semi Detached family home, on a sought after road in DA5.
Energy Efficiency Rating – D",Semi-Detached,1,3,,Freehold,"['Semi Detached House', 'Three Bedrooms', 'Spacious', 'Off Street Parking', 'Landscaped Rear Garden', 'Close to Transport Links', 'Close to Local Amenities', 'Energy Efficiency Rating - D']","[['Albany Park ', '0.9 miles'], ['Bexley ', '0.9 miles'], ['Bexleyheath ', '1.1 miles']]","['nationalrail', 'nationalrail', 'nationalrail']",Ask agent,Ask agent,Ask agent,Band: E,False
97,140701040,"£400,000",Reduced on 16/10/2023,"Brookend Road, Sidcup","Well presented Three bedroom mid terraced house with further potential to extend (STPP). Driveway to front, mainly lawn rear garden and situated within walking distance to local shops, bus routes and main line stations.",Terraced,1,3,,Freehold,"['MODERNISED AND WELL PRESENTED THROUGHOUT', 'PRIVATE MAINLY LAWNED REAR GARDEN', 'OFF STREET PARKING', 'SHORT WALK TO SIDCUP OR NEW ELTHAM STATION', 'CATCHMENT AREA FOR DULVERTON PRIMARY SCHOOL', 'OUT BUILDING TO REAR', 'GOOD TRANSPORT LINKS', ""COUNCIL TAX BAND C'"", ""EPC RATING 'D'""]","[['New Eltham ', '0.7 miles'], ['Sidcup ', '0.8 miles'], ['Falconwood ', '1.5 miles']]","['nationalrail', 'nationalrail', 'nationalrail']",Ask agent,Ask agent,Ask agent,Band: C,False
98,137159558,"£700,000",Reduced on 16/10/2023,Blendon Road Bexley DA5,"Acorn are delighted to welcome to the market this impressive four double bedroom Detached residence in Bexley. Offered to the market in no onward chain, the house boasts a large south facing rear garden, front drive and rear garage.
Energy Efficiency Rating - D",Detached,1,4,,Freehold,"['Detached Family Home', 'Four Bedrooms', 'Four Reception Rooms', 'Kitchen Diner', 'Large South Facing Garden', 'Front Drive, Rear Garage', 'South After Location', 'Energy Efficiency Rating - D']","[['Albany Park ', '0.9 miles'], ['Bexleyheath ', '1.2 miles'], ['Sidcup ', '1.2 miles']]","['nationalrail', 'nationalrail', 'nationalrail']",Ask agent,Ask agent,Ask agent,Band: F,False
99,140923460,"£675,000",Added on 16/10/2023,Blenheim Road Sidcup DA15,"An exceptionally well presented and vastly extended, four-bedroom, semi-detached house in the desirable location of Blenheim Road.",Semi-Detached,1,4,,Freehold,"['Immaculately Presented & Vastly Extended. ', 'Two Spacious Reception Rooms ', 'Spacious Modern Kitchen ', 'Spacious Double Bedrooms ', 'Paved Two Car Driveway', 'Landscaped Rear Garden ', 'Popular ABC Road Location ', 'Excellent School Catchment ']","[['Albany Park ', '0.4 miles'], ['Sidcup ', '0.6 miles'], ['Bexley ', '1.4 miles']]","['nationalrail', 'nationalrail', 'nationalrail']",Ask agent,Ask agent,Ask agent,Ask agent,False
100,137386421,"£260,000",Added on 15/07/2023,"Inigo Jones Road, London","A beautifully presented one bedroom flat with its own private entrance and private rear garden. Its situated in a pleasant location within Charlton, SE7. A perfect first home",Flat,1,1,,Leasehold,"['First Floor', 'Own Private Entrance Door', 'Private Rear Garden', 'Beautifully Decorated', 'Perfect First Home', 'Close to Charlton and Hornfair Parks', 'Popular Location']","[['Charlton ', '0.8 miles'], ['Woolwich Dockyard ', '1.0 miles'], ['Westcombe Park ', '1.2 miles']]","['nationalrail', 'nationalrail', 'nationalrail']",Ask agent,Ask agent,Ask agent,Ask agent,False
101,140254928,"£450,000",Reduced on 16/10/2023,Hinstock Road Plumstead SE18,"*GUIDE PRICE £450,000-£475,000* Offered to the market chain free is this spacious 1930's built three bedroom semi detached home with off street parking offering plenty of potential. Located moments from Shrewsbury Park, local schools and bus routes. This property would make an ideal family home.",Terraced,1,3,,Freehold,"['28ft Through Lounge/Dining Room', 'Fitted Kitchen', 'First Floor Bathroom', 'Mature Established Rear Garden', 'Extension Potential', 'Off Street Parking', 'Chain Free', 'EPC Rating E']","[['Plumstead ', '0.9 miles'], ['Woolwich Arsenal ', '1.0 miles'], ['Woolwich ', '1.0 miles']]","['nationalrail', 'nationalrail', 'nationalrail']",Ask agent,Ask agent,Ask agent,Band: C,False
102,139802039,"£530,000",Reduced on 16/10/2023,"Turnpike Close, Welling, Kent, DA16","Offered to the market CHAIN FREE is this THREE BEDROOM TOWN HOUSE situated on the popular 'Scientist Estate'. Convenient for local schools, shops and Welling mainline station. *16FT LOUNGE* *16FT KITCHEN* *GROUND FLOOR WC* *EN SUITE TO BEDROOM 1* *DOUBLE GLAZING*",Town House,2,3,,Freehold,"['16FT LOUNGE', '16FT KITCHEN', 'GROUND FLOOR WC', 'EN SUITE TO BEDROOM 1', 'DOUBLE GLAZING', 'OFF STREET PARKING', 'GARDEN']","[['Welling ', '0.2 miles'], ['Falconwood ', '1.0 miles'], ['Bexleyheath ', '1.3 miles']]","['nationalrail', 'nationalrail', 'nationalrail']",Ask agent,Ask agent,Ask agent,Band: E,False
103,139575002,"£200,000",Reduced on 16/10/2023,"Stevanne Court, Lessness Park, Belvedere, DA17","***CASH BUYERS ONLY*** Rarely available and located in Upper Belvedere situated conveniently for Nuxley Village is this well presented and larger than average first floor flat. With the benefit of no onward chain and the benefit of a garage, call today to arrange a viewing. Leaseh...",Terraced,1,2,,Leasehold,"['Two double bedrooms', 'First floor', '49 Year lease', 'Garage en-bloc', 'No onward chain', 'Viewng advised']","[['Belvedere ', '0.6 miles'], ['Abbey Wood ', '1.1 miles'], ['Erith ', '1.3 miles']]","['nationalrail', 'nationalrail', 'nationalrail']",£0 per year,£0,48 years left,Band: C,False
104,140919662,"£950,000",Added on 16/10/2023,"Sutlej Road, Charlton, SE7","A very rare opportunity to purchase a beautiful, detached family house on a desirable residential road. ",Detached,3,4,,Freehold,[],"[['Charlton ', '0.7 miles'], ['Westcombe Park ', '0.8 miles'], ['Kidbrooke ', '1.1 miles']]","['nationalrail', 'nationalrail', 'nationalrail']",Ask agent,Ask agent,Ask agent,Band: TBC,False
105,138632939,"£235,000",Reduced on 16/10/2023,"Woolwich Common, Woolwich Common"," Modern Kitchen - Designed for your culinary needs! 2 Comfortable Bedrooms - Space for everyone! Bathroom and Separate WC - Added convenience! Heating and Double Glazing - Year-round comfort! Ideal for First-Time Buyers or Investors - A smart choice! Upon entering, you'll be greeted by an...",Flat,1,2,,Leasehold,"['Ex Local Authorty Flat', 'Two Bedrooms', 'First Floor', 'Gas Central Heating', 'Double Glazed', 'Balcony', 'Recently Re-Furbished', 'No Forward Chain']","[['Woolwich Arsenal ', '0.8 miles'], ['Woolwich Dockyard ', '0.9 miles'], ['Woolwich ', '1.0 miles']]","['nationalrail', 'nationalrail', 'nationalrail']",£10 per year (Ask agent about the review period)When and how often your ground rent will be reviewed.Read more about ground rent review period in our glossary page.,Ask agent,92 years left,Ask agent,False
106,140918774,"£550,000",Added on 16/10/2023,"The Oval, Sidcup, DA15","Beautifully presented three bedroom semi detached un-extended chalet style house situated in an extremely popular location providing access to Sidcup train station, schools and a variety of shops. The house sits opposite the popular local green of The Oval and its parade of shops and restauran...",Semi-Detached,1,3,,Freehold,"['Three Bedroom Semi Detached Chalet', 'Planning Permission Granted To Extend', 'Beautifully Decorated', 'Extremely  Well  Presented', 'Fantastic Location', 'Close  To Sidcup Train Station', 'Well Located For All Schools']","[['Sidcup ', '0.7 miles'], ['Albany Park ', '1.2 miles'], ['Welling ', '1.4 miles']]","['nationalrail', 'nationalrail', 'nationalrail']",Ask agent,Ask agent,Ask agent,Band: E,False
107,139844069,"£270,000",Reduced on 16/10/2023,"St Josephs Court, Woolwich Road, London, SE2","**Guide Price £270,000-£280,000** Robinson Jackson are delighted to present this spacious one bedroom ground floor flat within walking distance of the Elizabeth Line at Abbey Wood station, the property is ideal for any first time buyer or buy to let investor. Leasehold, Lea...",Maisonette,1,1,,Leasehold,"['Convenient for the Elizabeth Line', 'Close to local amenities', 'Ground floor', 'Integrated loft space', 'Residents parking', 'Ideal first time buy']","[['Abbey Wood ', '0.7 miles'], ['Bexleyheath ', '1.3 miles'], ['Belvedere ', '1.4 miles']]","['nationalrail', 'nationalrail', 'nationalrail']",£120 per year,£1500,107 years left,Band: B,False
108,140916110,"£825,000",Added on 16/10/2023,"Willersley Avenue, Sidcup, DA15 9EJ",Drive for off street parking | Garage | Excellent condition | Close to sought after primary and secondary schools | Amongst ample amenities | 0.7 miles to Sidcup station | Front and rear garden | Master bedroom with en-suite | EPC: D (60) & Council Tax: F,Semi-Detached,3,5,"1,777 sq. ft.(165 sq. m.)",Freehold,"['Drive for off street parking', 'Garage', 'Excellent condition', 'Close to sought after primary and secondary schools', 'Amongst ample amenities including shops, pubs restaurants', '0.7 miles to Sidcup train station', 'Front and rear garden', 'Master bedroom with en-suite', 'EPC: D (60) & Council Tax: F']","[['Sidcup ', '0.6 miles'], ['New Eltham ', '0.9 miles'], ['Albany Park ', '1.4 miles']]","['nationalrail', 'nationalrail', 'nationalrail']",Ask agent,Ask agent,Ask agent,Band: F,False
109,123811301,"£190,000",Reduced on 16/10/2023,"Griffin Road, Plumstead, London, SE18","Chain Free Victorian Conversion Maisonette offering Share of Freehold & with Brand New Lease. Perfect for the Budding DIY Enthusiast, this property is In Need of some TLC & is Priced to Sell! On entry to the property, a staircase takes you up to the first floor where you will f...",Maisonette,1,1,,Share of Freehold,"['SHARE OF FREEHOLD', 'New Lease Upon Completion', 'One Bed First Floor Victorian Conversion Flat', 'Scope to Add Loft Conversion STPP', 'CHAIN FREE', 'Gated Parking Space / Garden to Rear', '0.1M to Plumstead Station', 'In Need of Modernisation', '0.7M to Woolwich Arsenal Train Station', '0.7M to Queen Elizabeth Line']","[['Plumstead ', '0.1 miles'], ['Woolwich ', '0.7 miles'], ['Woolwich Arsenal ', '0.7 miles']]","['nationalrail', 'nationalrail', 'nationalrail']",£0 per year,£0,Ask agent,Band: TBC,False
110,140593787,"£220,000",Reduced on 16/10/2023,"Park View Road, Welling","Located in a GREAT POSITION right next to DANSON PARK and within 10 MINUTE WALK to BEXLEYHEATH MAINLINE STATION and 15 MINUTE WALK to the BROADWAY. This is a SPACIOUS FIRST FLOOR APARTMENT with OUTDOOR SPACE and allocated parking space. The large lounge has a BALCONY, the bedroom is DOUBLE and ...",Flat,1,1,,Leasehold,"['Spacious apartment', 'Large lounge with balcony', 'Outdoor space', 'Right next to Danson Park', '10 minute walk to Bexleyheath Mainline station', '15 minute walk to The Broadway', 'Chain free', 'Roomy hallway', 'Lovely Outlook', 'Great first time buy']","[['Bexleyheath ', '0.6 miles'], ['Welling ', '0.9 miles'], ['Barnehurst ', '1.7 miles']]","['nationalrail', 'nationalrail', 'nationalrail']",Ask agent,Ask agent,Ask agent,Band: B,False
111,140914298,"£204,995",Added on 16/10/2023,"Thames Reach, London","Situated by shops and bus routes is this 1 bedroom purpose built apartment. This property has a 17ft lounge/diner, double glazing, and a 10ft kitchen. The property also has a 13ft bedroom, an entry phone system, and an allocated parking space with visitors space. 103 Years left on lease.
Ground ...",Apartment,1,1,,Leasehold,"['One bedroom apartment', 'Double glazing', 'Leasehold', 'Allocated parking space', 'EPC Rating: C', 'Ideally situated for local shops']","[['Plumstead ', '0.7 miles'], ['Woolwich ', '1.0 miles'], ['Gallions Reach ', '1.0 miles']]","['nationalrail', 'nationalrail', 'dlr']",Ask agent,Ask agent,Ask agent,Ask agent,False
112,140913605,"£750,000",Added on 16/10/2023,"Ashridge Crescent, Woolwich",Immaculate and extended four bedroom semi detached house which is a much loved family home and should be viewed to appreciate all the benefits it has to offer. The owners have lived in the property for many years and have improved the property extensively in their ownership.,Semi-Detached,3,4,,Freehold,"['Four Bedroom Semi Detached', 'Situated On The Laing Estate', 'South Facing Garden', 'Two Bathrooms', 'Driveway', 'Immaculately Presented']","[['Woolwich Arsenal ', '1.1 miles'], ['Plumstead ', '1.1 miles'], ['Falconwood ', '1.1 miles']]","['nationalrail', 'nationalrail', 'nationalrail']",Ask agent,Ask agent,Ask agent,Ask agent,False
113,140913053,"£625,000",Added on 16/10/2023,"Gipsy Road, Welling, Kent, DA16",Charming 1811 Sq Ft 1930s extended semi-detached family home. Boasting on the ground floor off the porch & hallway is the 18'8 lounge along with a stylish fitted kitchen with Quartz worktops & a separate dining room. Plus there is the shower room & 19'1 x 8'2 integral garage too. Whil...,House,2,4,,Freehold,"['1811 Sq Ft Extended Semi-Detached', 'Four Bedrooms', 'Stylish Fitted Kitchen with Quartz Worktops', 'Large Lounge & Separate Dining Room', 'Contemporary F.F Bathroom & G.F Shower Room', ""20'6 x 15'1 Outbuilding & 15'5 X 7'8 Roof Terrace"", 'Large Integral Garage', '0.4M to Bexleyheath Train Station', 'Near Bexleyheath Broadway & Danson Park', 'Close to Crook Log Leisure Centre']","[['Bexleyheath ', '0.4 miles'], ['Welling ', '1.0 miles'], ['Barnehurst ', '1.5 miles']]","['nationalrail', 'nationalrail', 'nationalrail']",Ask agent,Ask agent,Ask agent,Band: TBC,False
114,140912825,"£420,000",Added on 16/10/2023,BOSTALL HILL SE2 0RB  ** VIDEO & 3D FLOORPLAN AVAILABLE **,"Well-maintained large FOUR BEDROOM Victorian Family Home. Accommodation comprises Living Room, Dining Room, good-sized Kitchen and Family Shower Room. Benefits Double Glazing, Gas Central Heating & 70ft rear Garden.",House,1,4,,Freehold,"['FOUR BEDROOMS', 'TWO RECEPTION ROOMS', 'GROUND FLOOR SHOWER ROOM', '70FT REAR GARDEN', 'WELL MAINTAINED', 'TWO MINUTE WALK TO BOSTALL WOODS', 'CLOSE TO SCHOOLS, SHOPS AND BUS ROUTES', '15 MINUTE WALK TO STATION ( ELIZABETH LINE )', 'CALL  ']","[['Abbey Wood ', '0.8 miles'], ['Plumstead ', '1.0 miles'], ['Welling ', '1.4 miles']]","['nationalrail', 'nationalrail', 'nationalrail']",Ask agent,Ask agent,Ask agent,Band: D,False
115,136888280,"£350,000",Reduced on 16/10/2023,"Kingswood Avenue, Belvedere, Kent, DA17","** Guide price £350,000-£370,000 ** Located in a sought-after road and close to both Belvedere and Abbey Wood train stations is this 1930's TWO BEDROOM mid terrace house, with the added benefit of off-street parking and a large garage/workshop to the rear. Viewing comes highly re...",Terraced,1,2,,Freehold,"['No chain', 'Close to station', 'Garage', 'Two bedrooms', 'Double glazing', 'Underfloor heating to ground floor']","[['Belvedere ', '0.5 miles'], ['Abbey Wood ', '0.9 miles'], ['Erith ', '1.6 miles']]","['nationalrail', 'nationalrail', 'nationalrail']",Ask agent,Ask agent,Ask agent,Band: C,False
116,124918574,"£525,000",Reduced on 16/10/2023,"The Green, Bexleyheath, Kent, DA7","Situated in one of Bexleyheath's prime roads within access to sought after schools, local shops and Barnehurst Train Station is this 1930s extended semi detached "" Wedlock "" house. Internally you will notice that the property has double glazing and is warmed by gas central he...",Semi-Detached,2,4,,Freehold,"['Extended Semi Detached House', 'Four Bedrooms', 'Two Receptions', 'In Need Of Complete Modernisation', 'Two Bathrooms', 'Sought After Location', '45ft Garden', 'No Chain']","[['Barnehurst ', '0.6 miles'], ['Bexleyheath ', '0.7 miles'], ['Erith ', '1.5 miles']]","['nationalrail', 'nationalrail', 'nationalrail']",Ask agent,Ask agent,Ask agent,Band: TBC,False
117,140911940,"£360,000",Added on 16/10/2023,"Hengist Road, Erith","Anthony James Estate Agents are pleased to offer to the market CHAIN FREE this spacious three bedroom Victorian Terrace house situated in a popular residential road in Erith. The property is ideally located for Northumberland Heath Parade of shops, stations with links to Abbey Wood's Elizabet...",Terraced,1,3,,Freehold,"['CHAIN FREE', 'Three bedroom house', 'Popular location', 'Close to amenities', 'Close to schools', 'Three good size bedrooms', 'Downstairs family bathroom', 'Private rear garden', 'EPC Rating D57']","[['Erith ', '0.7 miles'], ['Barnehurst ', '0.8 miles'], ['Belvedere ', '1.2 miles']]","['nationalrail', 'nationalrail', 'nationalrail']",Ask agent,Ask agent,Ask agent,Band: C,False
118,140911619,"£499,995",Added on 16/10/2023,"Welling Way, Welling","Located in a very popular location close by to Welling and Falconwood is this un-extended chalet. The property is ideal for someone wanting to extend as the property is a blank canvas in that regard, but as the property is in good condition, it could equally be perfect for someone just to move i...",Semi-Detached,1,3,,Freehold,"['Very popular location', 'Nearby to Welling and Falconwood', 'Un-extended chalet', 'Conservatory', '3 bedrooms', '2 receptions', 'Virtually chain free', 'Garage with driveway', 'Perfect for extension (stpp)', 'Close to Eastcote primary school and Bishop Ridley COE school']","[['Falconwood ', '0.4 miles'], ['Welling ', '0.6 miles'], ['Eltham ', '1.6 miles']]","['nationalrail', 'nationalrail', 'nationalrail']",Ask agent,Ask agent,Ask agent,Band: E,False
119,126343226,"£225,000",Reduced on 16/10/2023,"Villas Road, London, SE18 7PP","INVESTMENT PURCHASERS ONLY- BEING SOLD WITH TENANTS IN SITU -OFFERS OVER £250K INVITED, A 3 bedroom split level maisonette which is the size of a small house! The property is being sold with tenants in situ and the current rental income is £299.18 per week.",Maisonette,1,3,818 sq. ft.(76 sq. m.),Leasehold,[],"[['Plumstead ', '0.3 miles'], ['Woolwich ', '0.5 miles'], ['Woolwich Arsenal ', '0.5 miles']]","['nationalrail', 'nationalrail', 'nationalrail']",Ask agent,Ask agent,106 years left,Band: B,False
120,124087502,"£450,000",Added on 16/10/2023,"Duke Of Wellington Avenue, London, SE18",VZ Properties is delighted to present this 1 bedroom apartment in the heart of South East London Riverside.,Flat,1,1,540 sq. ft.(50 sq. m.),Leasehold,"['Central Location with amazing river view', 'Spacious 11th floor apartment', 'Walking distance to train station ', '24 hour concierge and access to on-site gym and swimming pool.', 'Fully integrated smart kitchen ']","[['Woolwich ', '0.3 miles'], ['Woolwich Arsenal ', '0.3 miles'], ['King George V ', '0.6 miles']]","['nationalrail', 'nationalrail', 'dlr']",Ask agent,Ask agent,Ask agent,Ask agent,False
121,86424024,"£199,000",Reduced on 16/10/2023,"Hartslock Drive, London","CASH BUYERS ONLY Please note that banks DO NOT provide mortgages for this type of construction, therefore it is available for cash buyers only. , Although the building itself is in perfect condition. Flat has Tenants EWS1 sertificate not required as building isnt cladded. Rent - £12...",Flat,1,2,,Leasehold,"['Under Floor Heating', 'Thermostat in each room', 'Double glazing installed in 2020', 'Glazed balcony', 'Fully Furnishing', 'Two Big lifts in the one block', 'The lowest council tax band - A', 'Steam Bath - Jacuzzi', 'Lake view', 'A lot of Storage space']","[['Abbey Wood ', '0.7 miles'], ['Belvedere ', '1.2 miles'], ['Barking Riverside ', '1.5 miles']]","['nationalrail', 'nationalrail', 'overground']",£10 per year,£200,Ask agent,Band: A,False
122,140908061,"£150,000",Added on 16/10/2023,"30 Calderwood Street, London, Royal Borough of Greenwich, SE18 6JH","Ninth Floor Two Bedroom Flat in the Vista Building with Assured Shorthold Tenancy. Welcome to our online auction for the sale of a much larger than average (approximately 72 square metres) ""sub-penthouse"" ninth floor two bedroom flat with balcony and views over the River Thames, gene...",Flat,,2,,Leasehold,"['Being Sold via Secure Sale online bidding. Terms & Conditions apply.', 'Two Bedroom Sub Penthouse Apartment', 'Parking Space Included', 'Tenanted - Tenant paying £1,550pcm', 'Close to Local Amenities']","[['Woolwich Arsenal ', '0.2 miles'], ['Woolwich ', '0.3 miles'], ['Woolwich Dockyard ', '0.5 miles']]","['nationalrail', 'nationalrail', 'nationalrail']",Ask agent,Ask agent,Ask agent,Band: C,False
123,119274050,"£475,000",,"Woodside Lane, Bexley","Park Estates are delighted to offer this unique opportunity for a local builder or investor to purchase a building plot, with approved planning to build one pair of five bedroom semi detached houses. The plot size is approximately 0.13 acres / 5662.8 square feet. The approximate size of the new...",Land,2,5,,,"['Unique opportunity to purchase a building plot', 'Approved planning to build pair of five bedroom semi detached houses', 'To include ground floor wc', 'To include kitchen / breakfast room', 'To include lounge / diner', 'To include family bathroom and ensuite', 'To include integral garage and off street parking', 'To include private rear garden', 'Popular location close to all local amenities', 'Plot size approx 0.13 acres / 5662.8 square feet']","[['Albany Park ', '0.8 miles'], ['Bexleyheath ', '1.1 miles'], ['Bexley ', '1.1 miles']]","['nationalrail', 'nationalrail', 'nationalrail']",Ask agent,Ask agent,Ask agent,Ask agent,False
124,128137337,"£225,000",Reduced on 16/10/2023,"Villas Road, London, ,, SE18 7PP","We are delighted to offer for sale this surprisingly spacious 3 bedroom split level maisonette which offers good sized living accommodation set over two floors. To the ground floor of the property there is a hallway with storage, a spacious kitchen and a large lounge. Upstairs there are 3 well...",Maisonette,1,3,,Leasehold,"['For sale by online auction T&C apply', 'Three Bedrooms', 'Gas Central Heating', 'Allocated Parking', 'Close to Local Amenities']","[['Plumstead ', '0.3 miles'], ['Woolwich ', '0.5 miles'], ['Woolwich Arsenal ', '0.5 miles']]","['nationalrail', 'nationalrail', 'nationalrail']",Ask agent,Ask agent,Ask agent,Band: B,False
